competition,competition_code,season,position,team,team_id,played,won,draw,lost,goals_for,goals_against,goal_difference,points,last_updated,fetched_at
Premier League,PL,2026/27,1,Manchester City FC,65,5,5,0,0,13,5,8,15,2026-10-07T14:08:40.022283+00:00,2026-10-07T14:08:40.022298+00:00
Premier League,PL,2026/27,2,Arsenal FC,57,5,4,0,1,8,4,4,12,2026-10-07T14:08:40.022304+00:00,2026-10-07T14:08:40.022306+00:00
Premier League,PL,2026/27,3,Brighton & Hove Albion FC,397,5,3,1,1,16,5,11,10,2026-10-07T14:08:40.022310+00:00,2026-10-07T14:08:40.022312+00:00
Premier League,PL,2026/27,4,Brentford FC,402,5,2,3,0,10,4,6,9,2026-10-07T14:08:40.022316+00:00,2026-10-07T14:08:40.022318+00:00
Premier League,PL,2026/27,5,Leeds United FC,341,5,2,3,0,7,3,4,9,2026-10-07T14:08:40.022321+00:00,2026-10-07T14:08:40.022323+00:00
Premier League,PL,2026/27,6,Liverpool FC,64,5,2,3,0,7,4,3,9,2026-10-07T14:08:40.022329+00:00,2026-10-07T14:08:40.022331+00:00
Premier League,PL,2026/27,7,Everton FC,62,5,2,3,0,6,3,3,9,2026-10-07T14:08:40.022334+00:00,2026-10-07T14:08:40.022336+00:00
Premier League,PL,2026/27,8,Hull City AFC,322,5,2,2,1,6,4,2,8,2026-10-07T14:08:40.022345+00:00,2026-10-07T14:08:40.022348+00:00
Premier League,PL,2026/27,9,Newcastle United FC,67,5,2,2,1,9,9,0,8,2026-10-07T14:08:40.022377+00:00,2026-10-07T14:08:40.022380+00:00
Premier League,PL,2026/27,10,Chelsea FC,61,5,2,1,2,10,12,-2,7,2026-10-07T14:08:40.022384+00:00,2026-10-07T14:08:40.022386+00:00
Premier League,PL,2026/27,11,Ipswich Town FC,349,5,2,0,3,7,11,-4,6,2026-10-07T14:08:40.022390+00:00,2026-10-07T14:08:40.022391+00:00
Premier League,PL,2026/27,12,Manchester United FC,66,5,1,2,2,8,8,0,5,2026-10-07T14:08:40.022398+00:00,2026-10-07T14:08:40.022399+00:00
Premier League,PL,2026/27,13,Nottingham Forest FC,351,5,1,2,2,4,5,-1,5,2026-10-07T14:08:40.022403+00:00,2026-10-07T14:08:40.022404+00:00
Premier League,PL,2026/27,14,Sunderland AFC,71,5,1,1,3,6,10,-4,4,2026-10-07T14:08:40.022407+00:00,2026-10-07T14:08:40.022409+00:00
Premier League,PL,2026/27,15,Crystal Palace FC,354,5,1,1,3,6,11,-5,4,2026-10-07T14:08:40.022412+00:00,2026-10-07T14:08:40.022414+00:00
Premier League,PL,2026/27,16,Aston Villa FC,58,5,1,1,3,4,9,-5,4,2026-10-07T14:08:40.022419+00:00,2026-10-07T14:08:40.022421+00:00
Premier League,PL,2026/27,17,AFC Bournemouth,1044,5,0,3,2,6,8,-2,3,2026-10-07T14:08:40.022424+00:00,2026-10-07T14:08:40.022426+00:00
Premier League,PL,2026/27,18,Coventry City FC,1076,5,1,0,4,1,10,-9,3,2026-10-07T14:08:40.022429+00:00,2026-10-07T14:08:40.022431+00:00
Premier League,PL,2026/27,19,Fulham FC,63,5,0,2,3,5,8,-3,2,2026-10-07T14:08:40.022434+00:00,2026-10-07T14:08:40.022436+00:00
Premier League,PL,2026/27,20,Tottenham Hotspur FC,73,5,0,2,3,2,8,-6,2,2026-10-07T14:08:40.022440+00:00,2026-10-07T14:08:40.022442+00:00
Primera Division,PD,2026/27,1,FC Barcelona,81,7,7,0,0,31,7,24,21,2026-10-07T14:08:40.351012+00:00,2026-10-07T14:08:40.351025+00:00
Primera Division,PD,2026/27,2,Club Atlético de Madrid,78,7,5,1,1,16,7,9,16,2026-10-07T14:08:40.351030+00:00,2026-10-07T14:08:40.351032+00:00
Primera Division,PD,2026/27,3,Real Betis Balompié,90,7,5,1,1,9,7,2,16,2026-10-07T14:08:40.351035+00:00,2026-10-07T14:08:40.351037+00:00
Primera Division,PD,2026/27,4,Real Madrid CF,86,7,5,0,2,18,8,10,15,2026-10-07T14:08:40.351040+00:00,2026-10-07T14:08:40.351041+00:00
Primera Division,PD,2026/27,5,Sevilla FC,559,7,4,1,2,10,9,1,13,2026-10-07T14:08:40.351045+00:00,2026-10-07T14:08:40.351046+00:00
Primera Division,PD,2026/27,6,Deportivo Alavés,263,7,3,2,2,11,6,5,11,2026-10-07T14:08:40.351050+00:00,2026-10-07T14:08:40.351052+00:00
Primera Division,PD,2026/27,7,RC Deportivo La Coruña,560,7,2,4,1,10,8,2,10,2026-10-07T14:08:40.351055+00:00,2026-10-07T14:08:40.351057+00:00
Primera Division,PD,2026/27,8,Real Sociedad de Fútbol,92,7,3,1,3,9,13,-4,10,2026-10-07T14:08:40.351060+00:00,2026-10-07T14:08:40.351061+00:00
Primera Division,PD,2026/27,9,Villarreal CF,94,7,2,2,3,13,12,1,8,2026-10-07T14:08:40.351064+00:00,2026-10-07T14:08:40.351066+00:00
Primera Division,PD,2026/27,10,Athletic Club,77,6,2,2,2,7,6,1,8,2026-10-07T14:08:40.351069+00:00,2026-10-07T14:08:40.351071+00:00
Primera Division,PD,2026/27,11,Getafe CF,82,7,2,2,3,4,7,-3,8,2026-10-07T14:08:40.351074+00:00,2026-10-07T14:08:40.351076+00:00
Primera Division,PD,2026/27,12,Rayo Vallecano de Madrid,87,7,2,2,3,11,16,-5,8,2026-10-07T14:08:40.351079+00:00,2026-10-07T14:08:40.351081+00:00
Primera Division,PD,2026/27,13,CA Osasuna,79,7,2,2,3,6,13,-7,8,2026-10-07T14:08:40.351084+00:00,2026-10-07T14:08:40.351086+00:00
Primera Division,PD,2026/27,14,RC Celta de Vigo,558,7,1,4,2,8,6,2,7,2026-10-07T14:08:40.351089+00:00,2026-10-07T14:08:40.351092+00:00
Primera Division,PD,2026/27,15,RCD Espanyol de Barcelona,80,7,2,1,4,10,10,0,7,2026-10-07T14:08:40.351095+00:00,2026-10-07T14:08:40.351097+00:00
Primera Division,PD,2026/27,16,Real Racing Club de Santander,5335,7,2,1,4,11,21,-10,7,2026-10-07T14:08:40.351100+00:00,2026-10-07T14:08:40.351104+00:00
Primera Division,PD,2026/27,17,Levante UD,88,6,1,2,3,8,12,-4,5,2026-10-07T14:08:40.351108+00:00,2026-10-07T14:08:40.351110+00:00
Primera Division,PD,2026/27,18,Elche CF,285,7,1,2,4,11,17,-6,5,2026-10-07T14:08:40.351113+00:00,2026-10-07T14:08:40.351114+00:00
Primera Division,PD,2026/27,19,Valencia CF,95,7,1,1,5,4,13,-9,4,2026-10-07T14:08:40.351118+00:00,2026-10-07T14:08:40.351119+00:00
Primera Division,PD,2026/27,20,Málaga CF,84,7,0,3,4,3,12,-9,3,2026-10-07T14:08:40.351122+00:00,2026-10-07T14:08:40.351124+00:00
Bundesliga,BL1,2026/27,1,Borussia Dortmund,4,4,4,0,0,9,2,7,12,2026-10-07T14:08:40.802409+00:00,2026-10-07T14:08:40.802422+00:00
Bundesliga,BL1,2026/27,2,FC Bayern München,5,4,3,1,0,14,2,12,10,2026-10-07T14:08:40.802427+00:00,2026-10-07T14:08:40.802429+00:00
Bundesliga,BL1,2026/27,3,SC Freiburg,17,4,3,1,0,12,3,9,10,2026-10-07T14:08:40.802432+00:00,2026-10-07T14:08:40.802434+00:00
Bundesliga,BL1,2026/27,4,FC Augsburg,16,4,2,1,1,11,6,5,7,2026-10-07T14:08:40.802437+00:00,2026-10-07T14:08:40.802439+00:00
Bundesliga,BL1,2026/27,5,Bayer 04 Leverkusen,3,4,2,1,1,10,5,5,7,2026-10-07T14:08:40.802442+00:00,2026-10-07T14:08:40.802444+00:00
Bundesliga,BL1,2026/27,6,1. FSV Mainz 05,15,4,2,1,1,10,6,4,7,2026-10-07T14:08:40.802447+00:00,2026-10-07T14:08:40.802448+00:00
Bundesliga,BL1,2026/27,7,SV 07 Elversberg,719,4,2,1,1,8,7,1,7,2026-10-07T14:08:40.802451+00:00,2026-10-07T14:08:40.802453+00:00
Bundesliga,BL1,2026/27,8,SV Werder Bremen,12,4,2,1,1,8,8,0,7,2026-10-07T14:08:40.802456+00:00,2026-10-07T14:08:40.802458+00:00
Bundesliga,BL1,2026/27,9,RB Leipzig,721,4,2,0,2,9,5,4,6,2026-10-07T14:08:40.802461+00:00,2026-10-07T14:08:40.802463+00:00
Bundesliga,BL1,2026/27,10,Eintracht Frankfurt,19,4,1,2,1,9,10,-1,5,2026-10-07T14:08:40.802466+00:00,2026-10-07T14:08:40.802467+00:00
Bundesliga,BL1,2026/27,11,FC Schalke 04,6,4,1,2,1,3,4,-1,5,2026-10-07T14:08:40.802470+00:00,2026-10-07T14:08:40.802472+00:00
Bundesliga,BL1,2026/27,12,SC Paderborn 07,29,4,1,1,2,3,5,-2,4,2026-10-07T14:08:40.802475+00:00,2026-10-07T14:08:40.802477+00:00
Bundesliga,BL1,2026/27,13,1. FC Köln,1,4,1,1,2,6,9,-3,4,2026-10-07T14:08:40.802480+00:00,2026-10-07T14:08:40.802482+00:00
Bundesliga,BL1,2026/27,14,TSG 1899 Hoffenheim,2,4,1,0,3,7,10,-3,3,2026-10-07T14:08:40.802485+00:00,2026-10-07T14:08:40.802487+00:00
Bundesliga,BL1,2026/27,15,VfB Stuttgart,10,4,1,0,3,6,9,-3,3,2026-10-07T14:08:40.802490+00:00,2026-10-07T14:08:40.802494+00:00
Bundesliga,BL1,2026/27,16,Hamburger SV,7,4,1,0,3,2,13,-11,3,2026-10-07T14:08:40.802497+00:00,2026-10-07T14:08:40.802499+00:00
Bundesliga,BL1,2026/27,17,1. FC Union Berlin,28,4,0,1,3,4,17,-13,1,2026-10-07T14:08:40.802502+00:00,2026-10-07T14:08:40.802503+00:00
Bundesliga,BL1,2026/27,18,Borussia Mönchengladbach,18,4,0,0,4,6,16,-10,0,2026-10-07T14:08:40.802506+00:00,2026-10-07T14:08:40.802508+00:00
Serie A,SA,2026/27,1,AS Roma,100,5,4,1,0,14,3,11,13,2026-10-07T14:08:41.385925+00:00,2026-10-07T14:08:41.385937+00:00
Serie A,SA,2026/27,2,FC Internazionale Milano,108,5,4,1,0,15,8,7,13,2026-10-07T14:08:41.385942+00:00,2026-10-07T14:08:41.385944+00:00
Serie A,SA,2026/27,3,SS Lazio,110,5,4,1,0,8,3,5,13,2026-10-07T14:08:41.385947+00:00,2026-10-07T14:08:41.385949+00:00
Serie A,SA,2026/27,4,Cagliari Calcio,104,5,4,0,1,5,2,3,12,2026-10-07T14:08:41.385952+00:00,2026-10-07T14:08:41.385954+00:00
Serie A,SA,2026/27,5,AC Milan,98,5,3,2,0,10,4,6,11,2026-10-07T14:08:41.385957+00:00,2026-10-07T14:08:41.385958+00:00
Serie A,SA,2026/27,6,Frosinone Calcio,470,5,3,1,1,9,4,5,10,2026-10-07T14:08:41.385961+00:00,2026-10-07T14:08:41.385963+00:00
Serie A,SA,2026/27,7,Juventus FC,109,5,3,1,1,8,4,4,10,2026-10-07T14:08:41.385966+00:00,2026-10-07T14:08:41.385968+00:00
Serie A,SA,2026/27,8,Como 1907,7397,5,3,1,1,9,6,3,10,2026-10-07T14:08:41.385972+00:00,2026-10-07T14:08:41.385974+00:00
Serie A,SA,2026/27,9,SSC Napoli,113,5,2,1,2,7,6,1,7,2026-10-07T14:08:41.385977+00:00,2026-10-07T14:08:41.385979+00:00
Serie A,SA,2026/27,10,US Sassuolo Calcio,471,5,2,1,2,9,9,0,7,2026-10-07T14:08:41.385981+00:00,2026-10-07T14:08:41.385983+00:00
Serie A,SA,2026/27,11,Atalanta BC,102,5,2,0,3,5,7,-2,6,2026-10-07T14:08:41.385986+00:00,2026-10-07T14:08:41.385988+00:00
Serie A,SA,2026/27,12,US Lecce,5890,5,2,0,3,5,10,-5,6,2026-10-07T14:08:41.385991+00:00,2026-10-07T14:08:41.385993+00:00
Serie A,SA,2026/27,13,Udinese Calcio,115,5,1,1,3,8,11,-3,4,2026-10-07T14:08:41.385996+00:00,2026-10-07T14:08:41.385997+00:00
Serie A,SA,2026/27,14,Torino FC,586,5,1,1,3,5,8,-3,4,2026-10-07T14:08:41.386000+00:00,2026-10-07T14:08:41.386002+00:00
Serie A,SA,2026/27,15,Parma Calcio 1913,112,5,1,1,3,4,7,-3,4,2026-10-07T14:08:41.386005+00:00,2026-10-07T14:08:41.386007+00:00
Serie A,SA,2026/27,16,AC Monza,5911,5,1,1,3,8,12,-4,4,2026-10-07T14:08:41.386012+00:00,2026-10-07T14:08:41.386014+00:00
Serie A,SA,2026/27,17,ACF Fiorentina,99,5,1,1,3,6,12,-6,4,2026-10-07T14:08:41.386017+00:00,2026-10-07T14:08:41.386019+00:00
Serie A,SA,2026/27,18,Bologna FC 1909,103,5,0,2,3,3,6,-3,2,2026-10-07T14:08:41.386022+00:00,2026-10-07T14:08:41.386023+00:00
Serie A,SA,2026/27,19,Genoa CFC,107,5,0,1,4,3,10,-7,1,2026-10-07T14:08:41.386026+00:00,2026-10-07T14:08:41.386028+00:00
Serie A,SA,2026/27,20,Venezia FC,454,5,0,0,5,4,13,-9,0,2026-10-07T14:08:41.386032+00:00,2026-10-07T14:08:41.386033+00:00
Ligue 1,FL1,2026/27,1,AS Monaco FC,548,5,4,1,0,8,3,5,13,2026-10-07T14:08:41.910157+00:00,2026-10-07T14:08:41.910169+00:00
Ligue 1,FL1,2026/27,2,Olympique Lyonnais,523,5,3,2,0,10,2,8,11,2026-10-07T14:08:41.910174+00:00,2026-10-07T14:08:41.910176+00:00
Ligue 1,FL1,2026/27,3,Paris FC,1045,5,3,2,0,8,3,5,11,2026-10-07T14:08:41.910180+00:00,2026-10-07T14:08:41.910181+00:00
Ligue 1,FL1,2026/27,4,Lille OSC,521,5,3,1,1,8,4,4,10,2026-10-07T14:08:41.910184+00:00,2026-10-07T14:08:41.910186+00:00
Ligue 1,FL1,2026/27,5,Stade Rennais FC 1901,529,5,3,1,1,8,9,-1,10,2026-10-07T14:08:41.910189+00:00,2026-10-07T14:08:41.910191+00:00
Ligue 1,FL1,2026/27,6,Paris Saint-Germain FC,524,5,2,2,1,8,7,1,8,2026-10-07T14:08:41.910194+00:00,2026-10-07T14:08:41.910195+00:00
Ligue 1,FL1,2026/27,7,Angers SCO,532,5,2,1,2,6,5,1,7,2026-10-07T14:08:41.910198+00:00,2026-10-07T14:08:41.910200+00:00
Ligue 1,FL1,2026/27,8,RC Strasbourg Alsace,576,5,2,1,2,10,10,0,7,2026-10-07T14:08:41.910203+00:00,2026-10-07T14:08:41.910205+00:00
Ligue 1,FL1,2026/27,9,Le Mans FC,535,5,1,3,1,9,9,0,6,2026-10-07T14:08:41.910208+00:00,2026-10-07T14:08:41.910209+00:00
Ligue 1,FL1,2026/27,10,AJ Auxerre,519,5,2,0,3,7,12,-5,6,2026-10-07T14:08:41.910213+00:00,2026-10-07T14:08:41.910214+00:00
Ligue 1,FL1,2026/27,11,Stade Brestois 29,512,5,1,2,2,7,8,-1,5,2026-10-07T14:08:41.910217+00:00,2026-10-07T14:08:41.910219+00:00
Ligue 1,FL1,2026/27,12,FC Lorient,525,5,1,2,2,5,6,-1,5,2026-10-07T14:08:41.910222+00:00,2026-10-07T14:08:41.910224+00:00
Ligue 1,FL1,2026/27,13,Toulouse FC,511,5,1,2,2,7,9,-2,5,2026-10-07T14:08:41.910227+00:00,2026-10-07T14:08:41.910228+00:00
Ligue 1,FL1,2026/27,14,OGC Nice,522,5,1,2,2,3,6,-3,5,2026-10-07T14:08:41.910231+00:00,2026-10-07T14:08:41.910233+00:00
Ligue 1,FL1,2026/27,15,Racing Club de Lens,546,5,1,1,3,9,9,0,4,2026-10-07T14:08:41.910236+00:00,2026-10-07T14:08:41.910238+00:00
Ligue 1,FL1,2026/27,16,ES Troyes AC,531,5,1,1,3,4,11,-7,4,2026-10-07T14:08:41.910241+00:00,2026-10-07T14:08:41.910243+00:00
Ligue 1,FL1,2026/27,17,Olympique de Marseille,516,5,1,0,4,7,8,-1,3,2026-10-07T14:08:41.910248+00:00,2026-10-07T14:08:41.910250+00:00
Ligue 1,FL1,2026/27,18,Le Havre AC,533,5,0,2,3,4,7,-3,2,2026-10-07T14:08:41.910253+00:00,2026-10-07T14:08:41.910255+00:00
UEFA Champions League,CL,2026/27,1,Paris Saint-Germain FC,524,1,1,0,0,6,1,5,3,2026-10-07T14:08:42.378560+00:00,2026-10-07T14:08:42.378572+00:00
UEFA Champions League,CL,2026/27,2,FC Bayern München,5,1,1,0,0,5,0,5,3,2026-10-07T14:08:42.378577+00:00,2026-10-07T14:08:42.378578+00:00
UEFA Champions League,CL,2026/27,3,FC Barcelona,81,1,1,0,0,5,1,4,3,2026-10-07T14:08:42.378582+00:00,2026-10-07T14:08:42.378583+00:00
UEFA Champions League,CL,2026/27,4,Manchester United FC,66,1,1,0,0,4,0,4,3,2026-10-07T14:08:42.378587+00:00,2026-10-07T14:08:42.378588+00:00
UEFA Champions League,CL,2026/27,5,Como 1907,7397,1,1,0,0,4,1,3,3,2026-10-07T14:08:42.378591+00:00,2026-10-07T14:08:42.378593+00:00
UEFA Champions League,CL,2026/27,6,Sporting Clube de Portugal,498,1,1,0,0,3,1,2,3,2026-10-07T14:08:42.378596+00:00,2026-10-07T14:08:42.378597+00:00
UEFA Champions League,CL,2026/27,6,VfB Stuttgart,10,1,1,0,0,3,1,2,3,2026-10-07T14:08:42.378600+00:00,2026-10-07T14:08:42.378602+00:00
UEFA Champions League,CL,2026/27,8,Manchester City FC,65,1,1,0,0,2,0,2,3,2026-10-07T14:08:42.378605+00:00,2026-10-07T14:08:42.378607+00:00
UEFA Champions League,CL,2026/27,9,Aston Villa FC,58,1,1,0,0,3,2,1,3,2026-10-07T14:08:42.378610+00:00,2026-10-07T14:08:42.378611+00:00
UEFA Champions League,CL,2026/27,9,Racing Club de Lens,546,1,1,0,0,3,2,1,3,2026-10-07T14:08:42.378614+00:00,2026-10-07T14:08:42.378616+00:00
UEFA Champions League,CL,2026/27,9,Real Betis Balompié,90,1,1,0,0,3,2,1,3,2026-10-07T14:08:42.378619+00:00,2026-10-07T14:08:42.378621+00:00
UEFA Champions League,CL,2026/27,12,Borussia Dortmund,4,1,1,0,0,3,2,1,3,2026-10-07T14:08:42.378624+00:00,2026-10-07T14:08:42.378625+00:00
UEFA Champions League,CL,2026/27,13,Liverpool FC,64,1,1,0,0,2,1,1,3,2026-10-07T14:08:42.378628+00:00,2026-10-07T14:08:42.378630+00:00
UEFA Champions League,CL,2026/27,13,Real Madrid CF,86,1,1,0,0,2,1,1,3,2026-10-07T14:08:42.378634+00:00,2026-10-07T14:08:42.378635+00:00
UEFA Champions League,CL,2026/27,15,Arsenal FC,57,1,1,0,0,1,0,1,3,2026-10-07T14:08:42.378638+00:00,2026-10-07T14:08:42.378640+00:00
UEFA Champions League,CL,2026/27,16,PAE AEK,1899,1,1,0,0,1,0,1,3,2026-10-07T14:08:42.378643+00:00,2026-10-07T14:08:42.378645+00:00
UEFA Champions League,CL,2026/27,17,AS Roma,100,1,0,1,0,1,1,0,1,2026-10-07T14:08:42.378648+00:00,2026-10-07T14:08:42.378649+00:00
UEFA Champions League,CL,2026/27,17,FK Shakhtar Donetsk,1887,1,0,1,0,1,1,0,1,2026-10-07T14:08:42.378652+00:00,2026-10-07T14:08:42.378654+00:00
UEFA Champions League,CL,2026/27,19,Fenerbahçe SK,613,1,0,1,0,1,1,0,1,2026-10-07T14:08:42.378657+00:00,2026-10-07T14:08:42.378659+00:00
UEFA Champions League,CL,2026/27,19,PSV,674,1,0,1,0,1,1,0,1,2026-10-07T14:08:42.378662+00:00,2026-10-07T14:08:42.378663+00:00
UEFA Champions League,CL,2026/27,21,Villarreal CF,94,1,0,0,1,2,3,-1,0,2026-10-07T14:08:42.378666+00:00,2026-10-07T14:08:42.378668+00:00
UEFA Champions League,CL,2026/27,22,Club Brugge KV,851,1,0,0,1,2,3,-1,0,2026-10-07T14:08:42.378671+00:00,2026-10-07T14:08:42.378672+00:00
UEFA Champions League,CL,2026/27,22,Lille OSC,521,1,0,0,1,2,3,-1,0,2026-10-07T14:08:42.378675+00:00,2026-10-07T14:08:42.378677+00:00
UEFA Champions League,CL,2026/27,22,SK Slavia Praha,930,1,0,0,1,2,3,-1,0,2026-10-07T14:08:42.378682+00:00,2026-10-07T14:08:42.378684+00:00
UEFA Champions League,CL,2026/27,25,Club Atlético de Madrid,78,1,0,0,1,1,2,-1,0,2026-10-07T14:08:42.378687+00:00,2026-10-07T14:08:42.378689+00:00
UEFA Champions League,CL,2026/27,25,FC Internazionale Milano,108,1,0,0,1,1,2,-1,0,2026-10-07T14:08:42.378692+00:00,2026-10-07T14:08:42.378693+00:00
UEFA Champions League,CL,2026/27,27,LASK Linz,2016,1,0,0,1,0,1,-1,0,2026-10-07T14:08:42.378696+00:00,2026-10-07T14:08:42.378700+00:00
UEFA Champions League,CL,2026/27,27,SSC Napoli,113,1,0,0,1,0,1,-1,0,2026-10-07T14:08:42.378703+00:00,2026-10-07T14:08:42.378705+00:00
UEFA Champions League,CL,2026/27,29,Galatasaray SK,610,1,0,0,1,1,3,-2,0,2026-10-07T14:08:42.378707+00:00,2026-10-07T14:08:42.378709+00:00
UEFA Champions League,CL,2026/27,29,Viking FK,5720,1,0,0,1,1,3,-2,0,2026-10-07T14:08:42.378712+00:00,2026-10-07T14:08:42.378714+00:00
UEFA Champions League,CL,2026/27,31,FC Porto,503,1,0,0,1,0,2,-2,0,2026-10-07T14:08:42.378717+00:00,2026-10-07T14:08:42.378718+00:00
UEFA Champions League,CL,2026/27,32,RB Leipzig,721,1,0,0,1,1,4,-3,0,2026-10-07T14:08:42.378722+00:00,2026-10-07T14:08:42.378724+00:00
UEFA Champions League,CL,2026/27,33,Feyenoord Rotterdam,675,1,0,0,1,1,5,-4,0,2026-10-07T14:08:42.378727+00:00,2026-10-07T14:08:42.378728+00:00
UEFA Champions League,CL,2026/27,34,Sabah FK,10233,1,0,0,1,0,4,-4,0,2026-10-07T14:08:42.378732+00:00,2026-10-07T14:08:42.378734+00:00
UEFA Champions League,CL,2026/27,35,ŠK Slovan Bratislava,7509,1,0,0,1,1,6,-5,0,2026-10-07T14:08:42.378736+00:00,2026-10-07T14:08:42.378738+00:00
UEFA Champions League,CL,2026/27,36,FK Bodø/Glimt,5721,1,0,0,1,0,5,-5,0,2026-10-07T14:08:42.378741+00:00,2026-10-07T14:08:42.378743+00:00
