team,league,latest_elo,matches_played,last_match_date
Saint Vincent and the Grenadines,International,1387.4221534624292,236,2026-03-29
Saint Helena,International,1408.750896075997,8,2023-07-13
Madeira,Primeira Liga,1416.8484916977827,34,1995-05-28
Paris SG,Ligue 1,1945.7240597861844,1176,2026-05-17
Sete,Ligue 2,1320.1282256968773,38,2006-05-12
Sociedad B,Segunda Division,1431.2902544106037,84,2026-05-30
Brittany,International,1517.3905509329998,12,2013-05-28
El Salvador,International,1489.53358775278,614,2026-06-06
St Pauli,Bundesliga,1581.8238986779807,972,2026-05-16
Exeter,League One,1466.0410223650472,1391,2026-05-02
Toledo,Segunda Division,1422.532728194167,164,2000-06-03
Trikala,Greek Super League,1387.2202932717466,34,2000-05-28
Tours,Ligue 2,1338.87885090709,418,2018-05-11
Niki Volos,Greek Super League,1301.0138627504307,33,2015-05-02
Andalusia,International,1604.5311760027446,13,2013-06-07
Platanias,Greek Super League,1413.1241059379956,188,2018-05-05
Betis,La Liga,1789.0222063067977,1229,2026-05-23
Man United,Premier League,2030.6107984594819,1253,2026-05-24
Mexico,International,1849.077392956142,1003,2026-06-04
Meppen,Bundesliga 2,1349.8972114785495,174,1998-06-07
Gambia,International,1508.5112816682179,266,2026-05-29
Foggia,Serie B,1464.045252679358,184,2019-05-11
Seraing,Belgian Pro League,1355.3818849461486,102,2023-04-22
Karabukspor,Turkish Super Lig,1355.1072202572154,306,2018-05-18
Babelsberg,Bundesliga 2,1305.8821490757396,34,2002-05-05
Vanspor,Turkish Super Lig,1338.0437302179816,170,2000-05-20
Sevilla B,Segunda Division,1358.9057064679196,166,2018-06-01
Tubize,Belgian Pro League,1436.398279172533,34,2009-05-16
Timor-Leste,International,1018.3338071577837,86,2025-11-18
Hayes & Yeading,National League,1321.139737109738,136,2012-04-28
Belgium,International,1882.4109229196954,853,2026-06-06
Louhans-Cuis.,Ligue 2,1309.2805715454083,122,2000-05-20
Taiwan,International,1190.4970736184946,245,2025-11-18
Estonia,International,1454.455502964974,549,2026-06-06
Lesotho,International,1395.6573587970693,296,2026-06-04
Occitania,International,1638.2937134219223,33,2014-12-30
Gallipoli,Serie B,1345.0212041167786,42,2010-05-30
Leca,Primeira Liga,1447.2672237889617,102,1998-05-17
OFI Crete,Greek Super League,1578.6744051321973,262,2026-05-17
Slovenia,International,1706.8451631287492,317,2026-06-07
Athens Kallithea,Greek Super League,1514.2314200013702,35,2025-05-18
Latvia,International,1385.7025941778684,460,2026-06-06
Saudi Arabia,International,1643.5652964303974,740,2026-06-05
Ankaragucu,Turkish Super Lig,1528.0995255774415,770,2024-05-26
Den Bosch,Eredivisie,1319.2811504224776,94,2005-05-22
Sealand,International,1492.8276242152408,12,2014-08-10
Bromley,League Two,1537.0447622945558,493,2026-05-02
Geel,Belgian Pro League,1449.574150095418,34,2000-05-11
Arouca,Primeira Liga,1573.7096723412774,302,2026-05-16
Scunthorpe,National League,1425.898893120392,1376,2026-04-25
Forfar,Scottish League Two,1340.1910884188399,1002,2026-05-02
Sivasspor,Turkish Super Lig,1511.888093038512,660,2025-05-31
Santander,Segunda Division,1620.2099285563067,1012,2026-05-31
East Kilbride,Scottish League Two,1464.927648280236,36,2026-05-02
Cannes,Ligue 2,1372.2148231385834,300,2001-05-18
Uruguay,International,1870.304932839228,970,2026-03-31
Iraklis,Greek Super League,1579.8320204129689,376,2017-04-30
Stranraer,Scottish League Two,1306.064676378168,1023,2026-05-02
Panjab,International,1539.01172454185,19,2019-12-29
Reutlingen,Bundesliga 2,1527.5016079661732,84,2003-03-26
Partick,Scottish Championship,1698.8466848761977,1112,2026-05-01
Crystal Palace,Premier League,1880.7850727945895,1374,2026-05-24
Somalia,International,1138.6009338830956,124,2025-11-26
Galatasaray,Turkish Super Lig,1875.231722824783,1081,2026-05-17
East Fife,Scottish League One,1341.7455751695616,1036,2026-05-02
Aris,Greek Super League,1695.1192121348315,688,2026-05-17
Vecindario,Segunda Division,1394.0476387450922,42,2007-06-17
Oberhausen,Bundesliga 2,1364.495813786052,285,2011-05-15
Giannina,Greek Super League,1470.4200373627311,413,2024-05-11
Yugoslavia,International,1751.2117601722332,483,1992-03-25
Setubal,Primeira Liga,1476.5813343962195,725,2020-07-26
Antwerp,Belgian Pro League,1562.4989297122227,528,2026-05-23
Madagascar,International,1488.5005679673038,320,2026-06-02
São Tomé and Príncipe,International,1236.0242710988816,71,2025-10-13
Colombia,International,1937.4479512873588,638,2026-06-07
Cape Verde,International,1620.9712429610126,235,2026-06-06
Bradford,League One,1572.7627200274717,1475,2026-05-02
Strasbourg,Ligue 1,1785.701517258126,949,2026-05-17
Alloa,Scottish League One,1430.672253744562,1007,2026-05-02
Jersey,International,1745.1984899865329,235,2025-07-18
Vicenza,Serie B,1414.0432861214103,834,2022-05-06
Madrid,International,1486.3288412981033,1,2013-06-07
Pordenone,Serie B,1286.4814875295924,114,2022-05-06
Erciyesspor,Turkish Super Lig,1476.4875384790735,135,2015-05-29
Sedan,Ligue 2,1399.4480180859487,500,2013-05-24
Roda JC,Eredivisie,1556.38630946307,546,2010-05-02
Ryūkyū,International,1481.5893376224906,1,2016-11-26
Diyarbakirspor,Turkish Super Lig,1395.3547064009713,180,2010-05-15
Tonga,International,1206.0769108131726,68,2024-09-09
Guam,International,1117.0252784367374,123,2026-06-06
Leicester,Championship,1610.4275823871772,1353,2026-05-02
Castellon,Segunda Division,1579.932484459668,335,2026-05-31
Oxford City,National League,1244.6745354433904,46,2024-04-20
Panionios,Greek Super League,1549.1844801167256,631,2020-07-18
Myanmar,International,1228.3730352471198,511,2026-06-06
Solomon Islands,International,1403.5636476280117,214,2026-03-30
Palestine,International,1526.9563690554771,248,2026-06-06
Hamburg,Bundesliga,1673.576068235342,1107,2026-05-16
Doxa,Greek Super League,1380.8479864860303,34,1995-06-04
Sakaryaspor,Turkish Super Lig,1388.6052714076015,100,2007-05-26
Olympiakos,Greek Super League,1879.587850822289,875,2026-05-17
Vitesse,Eredivisie,1448.6022727353545,1013,2024-05-19
Găgăuzia,International,1451.7426083579833,3,2006-11-21
South Africa,International,1629.8292658966418,480,2026-06-06
Lugo,Segunda Division,1362.578669556377,462,2023-05-27
Groningen,Eredivisie,1550.1457551967087,980,2026-05-17
Ath Bilbao B,Segunda Division,1358.765277672169,42,2016-06-04
Siegen,Bundesliga 2,1399.7783897714394,34,2006-05-14
Wattenscheid,Bundesliga 2,1389.7633053716713,170,1999-06-17
Blackpool,League One,1570.382664213577,1459,2026-05-02
Airdrie Utd,Scottish Championship,1542.4812383425824,819,2026-05-01
Ahlen,Bundesliga 2,1345.6485525718874,218,2010-05-09
Georgia,International,1649.90620519154,307,2026-06-05
Boston,League Two,1282.9205644526173,196,2007-05-05
Boulogne,Ligue 2,1402.8609506239634,221,2026-05-09
Histon,National League,1243.522360394311,182,2011-04-30
Siirt Jet-PA,Turkish Super Lig,1439.6853056569723,34,2001-05-26
Hertha,Bundesliga 2,1522.357748734373,1110,2026-05-17
Ibiza,Segunda Division,1405.313059261931,84,2023-05-27
Bordeaux,Ligue 2,1505.9447617074368,1112,2024-05-17
Austria,International,1824.811627561034,860,2026-06-01
Bologna,Serie A,1772.8956558557204,1102,2026-05-23
Besancon,Ligue 2,1480.0442996660079,2,2003-08-09
Hamilton,Scottish League One,1464.528454604138,1104,2026-05-02
Czechoslovakia,International,1713.200050148227,520,1993-11-17
Kyrgyzstan,International,1436.8668637966996,190,2026-06-06
Feyenoord,Eredivisie,1729.7001757325104,1082,2026-05-17
Bielefeld,Bundesliga 2,1473.520627687219,850,2026-05-17
Gent,Belgian Pro League,1591.2400956962565,987,2026-05-24
Republic of St. Pauli,International,1472.426442528287,4,2006-06-03
Beziers,Ligue 2,1427.7554159437962,38,2019-05-17
Erzgebirge Aue,Bundesliga 2,1381.9428957647021,508,2022-05-15
Erfurt,Bundesliga 2,1446.5834606652556,31,2005-04-29
Feirense,Primeira Liga,1396.605237279142,132,2019-05-18
Nigeria,International,1769.7597505220385,660,2026-06-03
Newport County,League Two,1335.4816065102189,726,2026-05-02
Ciudad de Murcia,Segunda Division,1517.0135421925097,140,2007-06-16
Guinea-Bissau,International,1393.040967470896,190,2026-03-31
Suriname,International,1538.4274602094679,399,2026-03-26
Genclerbirligi,Turkish Super Lig,1518.9808483043678,900,2026-05-17
Dusseldorf,Bundesliga 2,1391.9354238374112,170,1999-06-17
Saarland,International,1445.5664959757935,9,1956-06-06
Willem II,Eredivisie,1390.4854160318248,913,2025-05-18
Ath Madrid B,Segunda Division,1464.0492504919857,164,2000-06-04
Pisa,Serie A,1499.824000785341,392,2026-05-23
Aalen,Bundesliga 2,1442.609652081409,102,2015-05-24
West Papua,International,1475.9135098781528,2,2022-11-13
UCAM Murcia,Segunda Division,1463.0796891995526,42,2017-06-10
Buyuksehyr,Turkish Super Lig,1702.388352317999,628,2026-05-16
Everton,Premier League,1889.9059433723737,1253,2026-05-24
Osmanlispor,Turkish Super Lig,1527.3803185131624,102,2018-05-18
PAOK,Greek Super League,1832.1411783922051,876,2026-05-17
Isle of Wight,International,1616.6455077756739,48,2023-07-13
Kazakhstan,International,1486.7483254587416,268,2026-06-06
Malaysia,International,1507.1423005023535,835,2025-11-18
Malta,International,1405.4576606939515,458,2026-06-05
Hacettepespor,Turkish Super Lig,1417.742928730455,34,2009-05-29
Bolton,League One,1600.048295405125,1385,2026-05-02
East Turkestan,International,1491.5774271110477,5,2025-07-04
Notts County,League Two,1489.6130856407058,1471,2026-05-02
Waregem,Belgian Pro League,1553.6721101903918,635,2026-05-09
Salamanca,Segunda Division,1429.1156769984455,564,2011-06-04
Hitra,International,1394.774350692271,23,2025-07-17
Saint Lucia,International,1301.891619291898,230,2026-03-27
Standard,Belgian Pro League,1605.5201673355398,988,2026-05-23
Guimaraes,Primeira Liga,1557.6642781852572,998,2026-05-16
Granada 74,Segunda Division,1399.5777686088659,40,2008-06-15
West Ham,Premier League,1863.8796303272868,1275,2026-05-24
P. Ofisi,Turkish Super Lig,1397.4736337300683,34,1995-05-21
Kelty Hearts,Scottish League One,1354.492483164105,180,2026-05-02
Preston,Championship,1618.744450909707,1493,2026-05-02
American Samoa,International,1127.5615995090036,55,2026-03-28
Piacenza,Serie B,1425.946867119143,599,2011-05-29
Tirsense,Primeira Liga,1434.8263639395307,68,1996-05-12
Halifax,National League,1435.7860927050392,855,2026-04-25
Droylsden,National League,1273.682770498885,46,2008-04-26
Gutersloh,Bundesliga 2,1461.9002994195055,102,1999-06-17
Ergotelis,Greek Super League,1513.7591563070876,248,2015-05-10
Akhisar Belediyespor,Turkish Super Lig,1485.4475204933983,238,2019-05-25
Spain,International,2033.1969031322997,783,2026-06-08
Denmark,International,1845.7182635432025,874,2026-06-07
Sri Lanka,International,1110.785968339461,251,2025-11-18
Saint Martin,International,1320.5387869946935,68,2026-03-29
Famalicao,Primeira Liga,1666.4405351877629,238,2026-05-16
Belenenses,Primeira Liga,1472.9056558062427,768,2022-05-14
Albinoleffe,Serie B,1338.2710646526148,329,2012-05-26
Kortrijk,Belgian Pro League,1496.057379676622,569,2025-05-10
Chemnitz,Bundesliga 2,1316.7566278643378,174,2001-05-20
Woking,National League,1416.3908436667393,765,2026-04-25
Epinal,Ligue 2,1303.9671094027249,42,1997-05-24
Kárpátalja,International,1566.8131130136733,11,2018-06-09
Luxembourg,International,1468.2623958476252,467,2026-06-06
Bristol Rvs,League Two,1461.5958494228635,1473,2026-05-02
Zwolle,Eredivisie,1505.5399371106364,482,2026-05-17
Ravenna,Serie B,1353.7760554198157,194,2008-06-01
Belize,International,1334.002787875202,121,2026-03-30
Werder Bremen,Bundesliga,1649.2975918285308,1106,2026-05-16
Catalonia,International,1661.747619589219,48,2019-03-25
Paniliakos,Greek Super League,1476.0921933996326,170,2000-05-28
Monza,Serie B,1606.8483880704614,380,2026-05-08
Northern Mariana Islands,International,1155.5436050005057,30,2024-04-07
Red Star,Ligue 2,1514.5363504142672,181,2026-05-09
Burton,League One,1504.8919775849336,951,2026-05-02
Carlisle,National League,1530.7062349130406,1431,2026-04-25
Faroe Islands,International,1410.604143893251,286,2026-06-06
Red Star 93,Ligue 2,1439.3322364238177,122,1999-05-29
Alcorcon,Segunda Division,1447.8385543412217,546,2024-06-02
Somaliland,International,1483.4840951510073,6,2019-05-04
Bayern Munich,Bundesliga,2042.9348921735677,1106,2026-05-16
Tondela,Primeira Liga,1458.9013100214145,272,2026-05-16
Brechin,Scottish League Two,1063.502619969944,821,2021-05-04
Campomaiorense,Primeira Liga,1460.1741751347306,136,2001-05-27
Lorient,Ligue 1,1714.67696022039,1058,2026-05-17
North Ferriby,National League,1315.322878261877,46,2017-04-29
Havant & Waterlooville,National League,1315.72005818403,46,2019-04-27
Sheffield Weds,Championship,1453.7163716907519,1446,2026-05-02
Ghana,International,1587.9899547157142,671,2026-06-02
Metz,Ligue 1,1533.0251433590963,1138,2026-05-17
Penafiel,Primeira Liga,1374.3018723988498,102,2015-05-22
Malawi,International,1431.8637035355835,643,2026-06-06
Cottbus,Bundesliga 2,1357.9965594156386,540,2014-05-11
Milan,Serie A,1816.0147907404432,1188,2026-05-24
Orduspor,Turkish Super Lig,1458.5862507000193,68,2013-05-18
Oldenburg,Bundesliga 2,1375.0169003404915,34,1997-06-11
Guadeloupe,International,1494.0951826642522,271,2025-06-24
Livingston,Scottish Premiership,1635.7571622411401,1016,2026-05-17
Provence,International,1449.1724930680411,23,2013-06-28
Campomaior,Primeira Liga,1454.5343976150098,34,1996-05-12
Darlington,National League,1329.2953891734683,831,2012-04-28
Twente,Eredivisie,1688.8384686417196,1049,2026-05-17
Antigua and Barbuda,International,1223.8310545286333,231,2025-11-18
Clyde,Scottish League Two,1360.2764604444153,997,2026-05-02
Thailand,International,1525.398603265041,864,2026-06-05
Real Madrid,La Liga,1931.1764751226629,1252,2026-05-23
St. Gilloise,Belgian Pro League,1827.3500668956292,188,2026-05-24
Chorley,National League,1284.3935188060348,38,2020-03-07
Osasuna,La Liga,1644.6155006397473,1196,2026-05-23
Marseille,Ligue 1,1796.5733045225165,1102,2026-05-17
Botswana,International,1431.5213548329111,332,2026-03-31
East Stirling,Scottish League Two,1112.380737811489,646,2016-04-30
Thrasyvoulos,Greek Super League,1396.5856219248897,30,2009-04-26
Utrecht,Eredivisie,1659.8987807483736,1079,2026-05-17
Barawa,International,1411.8905012542648,12,2019-05-25
Mannheim,Bundesliga 2,1391.9694817586046,260,2003-04-04
Trapani,Serie B,1509.9845555399875,206,2020-07-31
Paraguay,International,1813.7908598340641,783,2026-06-05
Barnet,League Two,1545.4173505404067,1314,2026-05-02
Essen,Bundesliga 2,1436.4260892654233,98,2007-05-20
Grosseto,Serie B,1370.913166422224,252,2013-05-18
Bochum,Bundesliga 2,1542.3149809118972,1112,2026-05-17
Panserraikos,Greek Super League,1476.0030262798025,164,2026-05-21
Sudtirol,Serie B,1423.360433378907,152,2026-05-08
Ticino,International,1462.7061402163504,2,2023-08-06
Stuttgart,Bundesliga,1837.862452899589,1108,2026-05-16
Hansa Rostock,Bundesliga 2,1387.4424666482587,706,2024-05-19
Galicia,International,1541.3711013158595,12,2024-05-21
Peterboro,League One,1456.2139412009096,1472,2026-05-02
Villarreal,La Liga,1816.8847030312954,1102,2026-05-24
Forest Green,National League,1451.7326002358366,950,2026-04-25
Arbroath,Scottish Championship,1588.1020954386727,1005,2026-05-01
Samoa,International,1316.3617164505129,71,2024-11-18
OFI,Greek Super League,1399.3398859465067,451,2015-05-02
Kalamata,Greek Super League,1548.313510161125,136,2000-05-28
Chambly,Ligue 2,1431.2388151437474,66,2021-05-15
Parma,Serie A,1705.601936115211,1120,2026-05-24
Frøya,International,1291.731037221719,37,2025-07-17
Aymara,International,1470.5628177960998,2,2022-06-19
Bonnyrigg Rose,Scottish League Two,1238.6985250155738,108,2025-05-03
Fiji,International,1442.4061483320365,268,2026-06-06
Annan Athletic,Scottish League Two,1286.8850103677448,625,2026-05-02
Bourg Peronnas,Ligue 2,1378.7561817646476,114,2018-05-11
Boreham Wood,National League,1497.3900333404727,446,2026-04-25
Egypt,International,1752.392924589299,756,2026-06-06
Germany,International,1922.768820099347,1031,2026-06-06
Palermo,Serie B,1593.6656817098649,796,2026-05-08
Crawley Town,League Two,1349.4124528689697,951,2026-05-02
Rotherham,League One,1413.3776964275976,1489,2026-05-02
Edinburgh City,Scottish League Two,1228.3339458051335,301,2026-05-02
India,International,1292.8289700433045,533,2026-06-05
Birmingham,Championship,1689.152490817876,1435,2026-05-02
Cook Islands,International,1277.9861648614783,53,2024-09-06
Montrose,Scottish League One,1380.8832509597335,987,2026-05-02
Osnabruck,Bundesliga 2,1402.0575054894216,240,2024-05-19
Wehen,Bundesliga 2,1371.0595306771927,136,2024-05-19
Oviedo,La Liga,1579.5407835123372,830,2026-05-23
Padania,International,1615.5583221112106,45,2019-06-08
Luhansk PR,International,1490.0577088686591,6,2019-12-08
Grenada,International,1314.8924220555796,260,2026-05-16
Uganda,International,1503.647332496659,685,2025-12-30
Barcelona B,Segunda Division,1393.3843926997763,332,2018-06-02
Truro,National League,1279.4662096817954,46,2026-04-25
Germinal,Belgian Pro League,1419.4102704210293,558,2013-03-16
Brentford,Premier League,1932.2238863684745,1440,2026-05-24
Goztep,Turkish Super Lig,1637.7482123381285,332,2026-05-16
Erzurumspor,Turkish Super Lig,1391.1182306231196,68,2001-05-25
South Korea,International,1813.3544509627548,1007,2026-06-03
Chameria,International,1521.0224667090752,7,2023-07-01
Darmstadt,Bundesliga 2,1507.4718782451662,408,2026-05-17
Besiktas,Turkish Super Lig,1696.9840333223524,1084,2026-05-15
Empoli,Serie B,1450.7452462178,1068,2026-05-08
Pacos Ferreira,Primeira Liga,1459.9329914557732,653,2023-05-27
Almeria,Segunda Division,1574.923589273625,965,2026-05-31
Hatayspor,Turkish Super Lig,1456.5682034506854,188,2025-05-31
Nepal,International,1203.0877584713185,268,2025-11-18
Alzano,Serie B,1410.0205668214226,38,2000-06-11
Niger,International,1441.250978267064,260,2026-06-08
Bristol City,Championship,1650.4489648094402,1469,2026-05-02
Elazigspor,Turkish Super Lig,1517.3796965542472,116,2014-05-17
Juventus,Serie A,1858.432614965549,1197,2026-05-24
Basque Country,International,1764.209634625596,64,2025-11-15
Poland,International,1730.811480387547,892,2026-06-03
Vanuatu,International,1457.5759826922379,214,2026-06-06
Rushden & D,National League,1445.8590406497017,430,2011-04-30
Yoruba Nation,International,1479.3473335788556,2,2022-05-23
RW Essen,Bundesliga 2,1392.9985049040226,38,1994-06-11
Kavala,Greek Super League,1590.8942296217115,230,2011-04-17
Brunei,International,1047.055304301098,137,2025-11-18
Queens Park,Scottish Championship,1548.3688604337822,984,2026-05-01
Port Vale,League One,1464.300948129543,1455,2026-05-02
Rangers,Scottish Premiership,1957.0062516161267,1141,2026-05-16
F. Andria,Serie B,1435.8530312706027,76,1999-06-13
Western Isles,International,1462.4741554241655,34,2025-07-17
Fylde,National League,1263.357168809851,221,2025-05-05
Malaga,Segunda Division,1599.4290797413937,1052,2026-05-31
Bastia,Ligue 2,1427.0739498491275,962,2026-05-09
Magdeburg,Bundesliga 2,1487.454360517258,170,2026-05-17
Edessaikos,Greek Super League,1394.700958932204,102,1997-05-25
Toulon,Ligue 2,1435.5114327940016,84,1998-05-08
Ross County,Scottish Championship,1533.4075289119219,1037,2026-05-01
Rayo Majadahonda,Segunda Division,1419.0769520656636,42,2019-06-08
Chagos Islands,International,1399.089978958504,16,2019-12-29
Tibet,International,1330.9693970019887,21,2025-07-03
Estrela,Primeira Liga,1463.310504095527,102,2026-05-16
Saint Kitts and Nevis,International,1333.3759656869352,226,2026-03-30
North Vietnam,International,1482.1410347301796,24,1970-09-20
Chechnya,International,1478.5633096898498,3,2006-02-18
Verona,Serie A,1553.6941638910955,927,2026-05-24
England,International,1920.2812628433464,1089,2026-06-06
Bergen,Belgian Pro League,1476.746874187034,257,2014-03-16
Benfica,Primeira Liga,1895.2870126616142,1027,2026-05-16
Leverkusen,Bundesliga,1857.7265895749133,1106,2026-05-16
Comoros,International,1468.0559379136967,150,2026-03-31
Eritrea,International,1270.803618745886,71,2019-09-10
Sociedad,La Liga,1675.7295934834667,1259,2026-05-23
Salernitana,Serie B,1461.1085218133223,707,2025-05-13
Mainz,Bundesliga,1744.5052193093484,1075,2026-05-16
Bolivia,International,1633.7652974578475,533,2026-06-06
Kilmarnock,Scottish Premiership,1758.471570018825,1148,2026-05-17
For Sittard,Eredivisie,1507.6264619743688,502,2026-05-17
Canvey Island,National League,1425.6655826329852,42,2006-04-29
Genk,Belgian Pro League,1661.5980160854976,954,2026-05-23
Kettering Town,National League,1254.4031249621307,182,2012-04-28
Sparta,Eredivisie,1404.7408594743079,473,2010-05-02
Catania,Serie B,1494.5805238522466,441,2015-05-22
Girona,La Liga,1652.402367056096,732,2026-05-23
AFC Telford United,National League,1369.8660539102482,46,2012-04-28
Holstein Kiel,Bundesliga 2,1509.4331981748667,306,2026-05-17
Homburg,Bundesliga 2,1372.1380744428557,72,1995-06-18
Olhanense,Primeira Liga,1455.0333965471111,150,2014-05-10
Anderlecht,Belgian Pro League,1611.6491877304627,989,2026-05-24
Bournemouth,Premier League,1994.4170035707898,1406,2026-05-24
Raetia,International,1424.4281740029494,26,2023-08-06
Wycombe,League One,1548.09179324106,1472,2026-05-02
Nijmegen,Eredivisie,1653.5854096786306,886,2026-05-17
Aves,Primeira Liga,1362.9606527024225,166,2020-07-26
Lithuania,International,1369.661269230318,432,2026-06-06
Kallithea,Greek Super League,1433.6168070427775,30,2006-05-13
Syria,International,1531.6050152218936,484,2026-06-05
Portogruaro,Serie B,1383.0032327283186,42,2011-05-29
Ajaccio GFCO,Ligue 2,1385.402404149499,228,2019-05-17
Ath Madrid,La Liga,1802.2633088839036,1256,2026-05-24
Mulhouse,Ligue 2,1381.7167423764924,84,1998-05-08
Kaiserslautern,Bundesliga 2,1526.135477055381,972,2026-05-17
Westerlo,Belgian Pro League,1572.4561878565848,699,2026-05-23
Abkhazia,International,1579.9056103375697,33,2019-06-08
Rodez,Ligue 2,1595.4461568283982,248,2026-05-09
Telford United,National League,1322.3752760180232,92,2015-04-25
Rochdale,National League,1581.8763993495807,1461,2026-04-25
Apollon,Greek Super League,1452.7256283176416,364,2022-05-15
Cambridge,League Two,1520.6085950094846,1470,2026-05-02
Valence,Ligue 2,1450.4394151093938,177,2003-08-02
Montpellier,Ligue 2,1519.1307901119471,1179,2026-05-09
Ipswich,Championship,1788.4532657954032,1444,2026-05-02
Nancy,Ligue 2,1408.5301877974343,948,2026-05-09
Yeni Malatyaspor,Turkish Super Lig,1365.4147832165015,180,2022-05-21
Annecy,Ligue 2,1527.8163280216447,144,2026-05-09
Nuneaton Town,National League,1314.716547867104,138,2015-04-25
Seborga,International,1481.3690925246929,1,2014-08-10
Chile,International,1737.4243925963453,834,2026-06-06
Tuvalu,International,1330.0370731496419,39,2023-11-30
Livorno,Serie B,1286.4806972466542,590,2020-07-31
Aachen,Bundesliga 2,1447.7911269463862,386,2012-05-06
Monaco,Ligue 1,1794.5839471875518,1203,2026-05-17
Crotone,Serie B,1367.7624205375605,684,2022-05-06
Cameroon,International,1674.8838529279767,616,2026-03-31
Dordrecht,Eredivisie,1377.2277192332265,68,2015-05-17
Ynys Môn,International,1650.8642605657587,67,2025-07-17
Ath Bilbao,La Liga,1680.1602847709034,1250,2026-05-23
Offenbach,Bundesliga 2,1440.0953191625235,136,2008-05-18
Excelsior,Eredivisie,1504.9801325389953,419,2026-05-17
Juve Stabia,Serie B,1484.332757559849,240,2026-05-08
Benin,International,1525.3537035694517,324,2026-06-05
Nice,Ligue 1,1673.3935498647709,1165,2026-05-17
United Koreans in Japan,International,1490.5608687594554,12,2018-06-09
Erzurum BB,Turkish Super Lig,1518.2870762216935,74,2021-05-11
Telstar,Eredivisie,1541.2585264387383,34,2026-05-17
Costa Rica,International,1662.4596855609639,723,2026-06-01
Orkney,International,1420.6720850460297,28,2025-07-17
Mouscron-Peruwelz,Belgian Pro League,1482.6850882395483,60,2016-03-13
Paris FC,Ligue 1,1734.469880472042,362,2026-05-17
Frosinone,Serie B,1654.3217072647847,678,2026-05-08
Gozo,International,1475.6993587852119,14,2025-07-17
Reading,League One,1538.9701088345887,1468,2026-05-02
Catanzaro,Serie B,1522.782254345769,165,2026-05-08
M'gladbach,Bundesliga,1700.6045366441547,1074,2026-05-16
Chievo,Serie B,1498.8155133095038,884,2021-05-10
Italy,International,1893.130899421974,893,2026-06-07
Martinique,International,1453.1564041119357,331,2026-03-29
Tanzania,International,1410.4160841306573,599,2026-03-29
QPR,Championship,1604.5267153255797,1439,2026-05-02
Orense,Segunda Division,1393.3523303027312,80,1998-05-16
Fulham,Premier League,1909.4142588819357,1349,2026-05-24
Marshall Islands,International,1448.256917370137,2,2025-08-16
Oftasspor,Turkish Super Lig,1527.9544696343555,34,2008-05-10
Donetsk PR,International,1511.400788757382,6,2017-08-31
Cittadella,Serie B,1405.705990201115,714,2025-05-13
Antalya,Turkish Super Lig,1480.075655374317,34,1995-05-21
Eskisehirspor,Turkish Super Lig,1513.8080529419865,304,2016-05-19
Adanaspor,Turkish Super Lig,1420.8363014417591,184,2017-06-03
Unterhaching,Bundesliga 2,1414.4734802298258,337,2007-05-20
Mali,International,1658.1791502395279,569,2026-06-04
Iraq,International,1711.0549412716623,654,2026-06-04
Balikesirspor,Turkish Super Lig,1477.5262420186018,34,2015-05-29
Rio Ave,Primeira Liga,1520.573720437337,790,2026-05-16
Palau,International,1454.599038401494,2,1998-08-01
Chester,National League,1280.4664883355836,768,2018-04-28
MVV Maastricht,Eredivisie,1385.9284411651206,170,2000-05-14
Bucaspor,Turkish Super Lig,1454.7184121861842,34,2011-05-21
Spartans,Scottish League Two,1383.6645266746498,108,2026-05-02
West Brom,Championship,1633.075729287735,1388,2026-05-02
Wigan,League One,1508.391397696843,1417,2026-05-02
Ad. Demirspor,Turkish Super Lig,1382.5742968220513,182,2025-05-31
Maidstone,National League,1163.3436267262864,184,2023-04-29
Torino,Serie A,1692.864061779868,1169,2026-05-24
Amorebieta,Segunda Division,1478.9431104245189,84,2024-06-02
Morocco,International,1879.4458245819853,617,2026-06-07
Shrewsbury,League Two,1354.3843680363411,1427,2026-05-02
Romania,International,1652.7282398529908,766,2026-06-06
Sunderland,Premier League,1877.6555852713234,1350,2026-05-24
Ancona,Serie B,1397.4018340755379,233,2010-05-30
Iceland,International,1605.1081945128528,521,2026-05-31
New Caledonia,International,1553.2913508015783,264,2026-03-26
Clermont,Ligue 2,1424.1443259965947,791,2026-05-09
Dortmund,Bundesliga,1902.0200260445993,1107,2026-05-16
Dijon,Ligue 2,1458.8087680724116,709,2023-06-02
Cardiff,League One,1656.439404594445,1471,2026-05-02
Romani people,International,1470.2082450527523,7,2016-05-16
Novara,Serie B,1416.7857153058308,290,2018-05-18
Nacional,Primeira Liga,1477.4418516358023,586,2026-05-16
Fleetwood Town,League Two,1416.6238215019898,725,2026-05-02
Central Spain,International,1500.9791501322163,2,1923-11-25
Crimea,International,1518.9839713966805,5,2006-11-25
Turkey,International,1865.3916670485733,642,2026-06-06
Switzerland,International,1849.9310275963035,884,2026-06-06
FSV Frankfurt,Bundesliga 2,1323.7344498787488,34,1995-06-18
Roosendaal,Eredivisie,1322.215163032634,140,2006-04-16
Algeria,International,1814.1888533834592,616,2026-06-03
Northwich,National League,1396.854440412329,138,2009-04-26
Treviso,Serie B,1362.6932521464792,350,2009-05-30
Koblenz,Bundesliga 2,1437.1672999316775,136,2010-05-09
Kiribati,International,1368.448311687329,11,2011-09-05
Gravesend,National League,1460.0498518393422,88,2007-04-28
Nott'm Forest,Premier League,1908.3405660135659,1432,2026-05-24
Lommel,Belgian Pro League,1472.22894356714,204,2002-05-05
Dunfermline,Scottish Championship,1603.912171040266,1105,2026-05-01
Virtus Lanciano,Serie B,1437.5986636137766,168,2016-05-20
Sariyer,Turkish Super Lig,1427.4136207458291,34,1997-05-25
Gibraltar,International,1229.4259682314823,159,2026-06-06
Valladolid,Segunda Division,1412.9789662116232,1310,2026-05-31
Dartford,National League,1310.2602299375606,138,2015-04-25
Gil Vicente,Primeira Liga,1557.2439143763138,676,2026-05-16
Saint Barthélemy,International,1421.6966049729367,10,2023-03-10
Heidenheim,Bundesliga,1614.8515964624023,408,2026-05-16
Morecambe,National League,1264.7253920908258,953,2026-04-25
Giresunspor,Turkish Super Lig,1545.0134010805182,74,2023-06-07
Zambia,International,1525.077035867763,793,2026-03-31
Falkland Islands,International,1303.3924769655798,33,2023-07-13
Kernow,International,1586.9203459273556,12,2023-07-16
FC Koln,Bundesliga,1620.3588723698663,1089,2026-05-16
Athinaikos,Greek Super League,1418.1395191691245,136,1998-05-17
Stuttgarter K,Bundesliga 2,1409.20093946863,208,2001-05-20
Fenerbahce,Turkish Super Lig,1845.3727354367702,1083,2026-05-17
Moreirense,Primeira Liga,1535.5019913860065,480,2026-05-16
FeralpiSalo,Serie B,1403.5021471843143,38,2024-05-10
Mauritania,International,1471.3612743879373,273,2026-06-08
Montserrat,International,1300.0969384000061,66,2025-06-10
Sassuolo,Serie A,1690.390987780043,704,2026-05-24
Hull,Championship,1680.7573527782392,1441,2026-05-02
Wallis Islands and Futuna,International,1379.471644185973,24,1995-08-20
Brest,Ligue 1,1685.5985732169413,811,2026-05-17
Vannes,Ligue 2,1440.6398408415796,114,2011-05-27
Libourne,Ligue 2,1362.669353360807,73,2008-05-16
Manchukuo,International,1451.4568121595098,3,1942-08-09
Wolves,Premier League,1763.0386821453185,1385,2026-05-24
Swansea,Championship,1695.701187721255,1427,2026-05-02
Hibernian,Scottish Premiership,1861.9207866546865,1144,2026-05-16
PSV Eindhoven,Eredivisie,1863.6338962783593,1084,2026-05-17
Albania,International,1601.4978887347945,398,2026-06-06
Colchester,League Two,1432.1026829200816,1467,2026-05-02
Perugia,Serie B,1438.3022227566807,590,2023-05-19
Konyaspor,Turkish Super Lig,1574.513575614724,696,2026-05-17
Artsakh,International,1538.18078187781,11,2019-06-08
Aruba,International,1255.618472257693,152,2026-06-06
Clydebank,Scottish League One,1407.0516329349662,288,2002-04-27
Sp Braga,Primeira Liga,1717.089656482511,1026,2026-05-16
Xanthi,Greek Super League,1543.3507157499573,665,2020-07-18
Maidenhead,National League,1384.2800845310428,354,2025-05-05
Eastleigh,National League,1328.599396230762,538,2026-04-25
Rhodes,International,1565.224234173397,18,2011-06-27
A. Sebatspor,Turkish Super Lig,1436.3705020234595,68,2005-05-29
Dominican Republic,International,1449.8967264998262,159,2026-06-03
Yozgatspor,Turkish Super Lig,1466.453801104087,68,2002-05-04
Arezzo,Serie B,1533.1545980103365,91,2007-06-10
Iraqi Kurdistan,International,1591.84191129589,27,2016-06-04
Sabadell,Segunda Division,1460.8736083312856,210,2021-05-30
Academica,Primeira Liga,1438.4391934925966,482,2016-05-14
Xerez,Segunda Division,1341.1188804727567,492,2013-06-08
Roeselare,Belgian Pro League,1423.3793820312999,164,2010-03-21
Congo,International,1370.1788825497867,406,2025-10-14
Uniao Madeira,Primeira Liga,1440.96412891905,34,2016-05-14
Alcoyano,Segunda Division,1383.2520080068077,42,2012-06-03
Sochaux,Ligue 2,1444.3930717373082,1057,2023-06-02
Mallorca,La Liga,1659.2768639169205,1115,2026-05-23
Huesca,Segunda Division,1389.2129544590284,664,2026-05-31
Netherlands,International,1890.4805388789462,879,2026-06-08
Wales,International,1675.940266610491,726,2026-06-06
Stafford Rangers,National League,1245.7296362438033,92,2008-04-26
Uerdingen,Bundesliga 2,1406.1597481163235,208,1999-06-17
Norway,International,1824.6750836188849,872,2026-06-07
St Mirren,Scottish Premiership,1694.8403107499137,1157,2026-05-17
Saare County,International,1366.8692718657649,35,2017-06-29
Vietnam,International,1507.2637851770253,297,2026-03-26
Tranmere,League Two,1289.367003024239,1453,2026-05-02
Puerto Rico,International,1367.0988778280841,163,2026-06-05
Niue,International,1471.9599395248122,2,1983-08-22
Falkirk,Scottish Premiership,1760.360926851272,1118,2026-05-16
Welling United,National League,1262.0349745023532,138,2016-04-30
Belarus,International,1564.3647870504774,314,2026-06-05
Duisburg,Bundesliga 2,1427.1924297096848,727,2019-05-19
Amiens,Ligue 2,1317.6598692037148,800,2026-05-09
Heerenveen,Eredivisie,1605.183647637523,1082,2026-05-17
Venezuela,International,1738.5317224814569,459,2026-06-06
Burkina Faso,International,1637.7956973793114,463,2026-06-05
Cesena,Serie B,1422.301258136676,652,2026-05-08
AVS,Primeira Liga,1457.10443637016,68,2026-05-16
Beerschot VA,Belgian Pro League,1402.1166252952016,104,2025-05-10
Tunisia,International,1701.2743101914275,678,2026-06-06
Stockport,League One,1609.3483429417179,1185,2026-05-02
Elche,La Liga,1658.3600423362961,1056,2026-05-23
TB Berlin,Bundesliga 2,1411.914967393395,106,2000-05-25
Gabon,International,1522.5654289149313,405,2026-03-30
Udinese,Serie A,1708.1775829931103,1152,2026-05-24
Saint Pierre and Miquelon,International,1411.1174396809577,7,2012-09-28
Kastoria,Greek Super League,1273.9965526583364,34,1997-05-25
Cosenza,Serie B,1383.0287271878244,426,2025-05-13
La Coruna,Segunda Division,1597.4523982488602,1124,2026-05-31
Bangladesh,International,1213.3134054019972,305,2026-06-05
Santa Clara,Primeira Liga,1555.071190310755,317,2026-05-16
County of Nice,International,1569.2626214007378,9,2015-06-21
United Arab Emirates,International,1623.1171913186452,612,2025-12-15
Lecco,Serie B,1335.0313360533096,38,2024-05-10
C. Sangro,Serie B,1360.053302956519,38,1998-06-14
Ankaraspor,Turkish Super Lig,1521.7287747805858,168,2009-05-30
Martigues,Ligue 2,1396.3509855011912,305,2025-05-10
Kalamaria,Greek Super League,1502.712270068581,90,2008-04-20
Cheltenham,League Two,1374.3179363990048,1198,2026-05-02
Hereford,National League,1375.5541408524964,586,2014-04-26
Canada,International,1800.251980367174,469,2026-06-05
Barnsley,League One,1492.5725268829044,1455,2026-05-02
Derby,Championship,1683.4098731623915,1436,2026-05-02
Doxa Dramas,Greek Super League,1412.712485118429,30,2012-04-22
Watford,Championship,1588.1199444763024,1429,2026-05-02
Club Brugge,Belgian Pro League,1837.8590297826372,990,2026-05-24
Leixoes,Primeira Liga,1421.5909170995253,86,2010-05-08
Parishes of Jersey,International,1511.2799096991191,3,2019-06-02
Elversberg,Bundesliga 2,1602.0992248174168,102,2026-05-17
Salisbury,National League,1439.9264874293358,182,2014-04-26
Eldense,Segunda Division,1434.5015549564193,84,2025-06-01
Salford,League Two,1508.8868639076848,359,2026-05-02
Dender,Belgian Pro League,1428.3835794027311,143,2026-05-09
Go Ahead Eagles,Eredivisie,1545.1255492257574,374,2026-05-17
Padova,Serie B,1437.5865131588976,390,2026-05-08
Lubeck,Bundesliga 2,1455.1439880797197,85,2003-08-08
Southampton,Championship,1792.734559692146,1325,2026-05-02
Uzbekistan,International,1735.676202794062,354,2026-06-08
Saugeais,International,1496.198886891744,1,2013-06-29
United States,International,1763.0112119341852,790,2026-06-06
Regensburg,Bundesliga 2,1380.3891710712571,274,2025-05-18
St Brieuc,Ligue 2,1329.772497609733,42,1997-05-24
Motherwell,Scottish Premiership,1856.9854371415734,1149,2026-05-16
Délvidék,International,1491.7480711779285,2,2016-08-03
Gotland,International,1425.6960623837938,30,2017-06-29
Northern Cyprus,International,1613.9009237182647,34,2018-06-09
Real Union,Segunda Division,1457.4136735060124,42,2010-06-19
Farense,Primeira Liga,1469.4236418165979,374,2025-05-17
Roma,Serie A,1877.3766801270062,1187,2026-05-24
St Truiden,Belgian Pro League,1666.5882961323116,861,2026-05-24
Carpi,Serie B,1362.9507833510065,242,2019-05-11
Naval,Primeira Liga,1451.9294889724138,181,2011-05-14
Tahiti,International,1516.2460724583736,241,2025-03-21
Corsica,International,1557.0665342684965,9,2017-05-26
Fortuna Dusseldorf,Bundesliga 2,1465.547859907371,578,2026-05-17
Veria,Greek Super League,1472.4160788244287,188,2017-04-30
Sutton,National League,1319.4404188814558,448,2026-04-25
United States Virgin Islands,International,1125.575392148416,78,2026-03-28
Russia,International,1770.7413466247424,748,2026-06-05
Bahrain,International,1504.9477900273275,584,2026-06-05
Peterhead,Scottish League One,1368.3740658959248,876,2026-05-02
Le Havre,Ligue 1,1662.3373270654563,1161,2026-05-17
Yorkshire,International,1548.3978820536406,7,2019-06-01
Norwich,Championship,1707.3797046066043,1436,2026-05-02
Concarneau,Ligue 2,1405.1593182958925,38,2024-05-17
Asturias,International,1518.7797880413164,1,1923-02-25
Rouen,Ligue 2,1502.0037712727924,1,2003-08-02
Ambazonia,International,1445.619520458027,6,2007-06-07
Panahaiki,Greek Super League,1518.7608381218777,136,2000-05-28
Székely Land,International,1478.4385092780794,27,2023-07-02
Stevenage,League One,1596.322898007274,950,2026-05-02
Grays,National League,1312.2756963870834,224,2010-04-24
FC Edinburgh,Scottish League One,1439.7864706915534,36,2023-05-06
Luton,League One,1631.5562901978942,1462,2026-05-02
Nurnberg,Bundesliga 2,1533.5436419368787,1054,2026-05-17
Llagostera,Segunda Division,1451.9829211692793,84,2016-06-04
Brescia,Serie B,1469.2955879039364,1105,2025-05-13
Nocerina,Serie B,1433.081239605645,42,2012-05-26
Pistoiese,Serie B,1397.445360934938,109,2002-06-02
AZ Alkmaar,Eredivisie,1630.7475329539468,946,2026-05-17
Leipzig,Bundesliga 2,1416.047644914477,170,1998-06-07
Istres,Ligue 2,1369.0008012112357,358,2014-05-16
Cagliari,Serie A,1682.5499175677319,1189,2026-05-24
Wasquehal,Ligue 2,1452.6643072871243,208,2003-01-29
Inverness C,Scottish League One,1583.6000262952111,1013,2026-05-02
Felvidék,International,1516.3510347165814,12,2017-06-09
Quebec,International,1506.8854751191282,3,2013-06-27
North Korea,International,1495.8258746377578,390,2025-06-10
Slovakia,International,1672.0463643835826,367,2026-06-05
Sevilla,La Liga,1647.934368750627,1263,2026-05-23
Scarborough,National League,1317.564507884144,310,2006-04-29
Chesterfield,League Two,1530.406929042022,1462,2026-05-02
Portimonense,Primeira Liga,1475.5653935026912,268,2024-05-18
Zwickau,Bundesliga 2,1398.5529950398368,136,1998-06-07
Kurdistan,International,1553.9713789617642,5,2013-06-28
Istanbulspor,Turkish Super Lig,1391.5512165002976,395,2024-05-26
Franconia,International,1508.266278276022,3,2019-06-25
Cambodia,International,1136.4259585399273,294,2026-06-04
Cremonese,Serie A,1586.077126237245,526,2026-05-24
Beira Mar,Primeira Liga,1434.756752276177,332,2013-05-19
Getafe,La Liga,1692.2843449657041,950,2026-05-23
Murcia,Segunda Division,1547.772897465003,513,2014-06-07
Armenia,International,1442.4320658669265,271,2026-06-06
Trinidad and Tobago,International,1514.9433191983321,752,2026-05-30
Altay,Turkish Super Lig,1455.7736110315004,257,2022-05-21
Mongolia,International,1112.8613427399087,103,2026-06-05
Chateauroux,Ligue 2,1330.0934788979705,798,2021-05-15
Ourense,Segunda Division,1306.6354036385237,42,1999-06-19
Kosovo,International,1687.9591967523465,104,2026-06-07
Torquay,National League,1385.200437758285,1272,2023-04-29
Rwanda,International,1463.8485630205512,280,2026-03-30
Volendam,Eredivisie,1440.054543403774,340,2026-05-17
Zeytinburnu,Turkish Super Lig,1276.1598850880885,68,1997-05-25
Schweinfurt,Bundesliga 2,1340.2888964014371,34,2002-05-05
Beauvais,Ligue 2,1470.1277417480856,212,2003-02-01
Djibouti,International,1139.0767533101703,111,2025-11-26
Ethiopia,International,1412.1700243180358,408,2026-06-06
Jamaica,International,1611.5426135083017,663,2026-06-06
Dardanelspor,Turkish Super Lig,1478.2177333367633,102,1999-05-28
Gaziantep,Turkish Super Lig,1512.6576742956215,256,2026-05-16
Lewes,National League,1236.2073086851788,46,2009-04-26
Lerida,La Liga,1432.3652426910596,38,1994-05-15
Hannover,Bundesliga 2,1604.7005535015394,1044,2026-05-17
Evian Thonon Gaillard,Ligue 2,1434.1305830190922,228,2016-05-13
Isle of Man,International,1650.0926183129463,58,2025-07-18
Greenland,International,1455.434759063017,77,2024-06-01
Arles,Ligue 2,1370.8136227575835,228,2015-05-22
Newcastle,Premier League,1905.492838698877,1268,2026-05-24
Saarbrucken,Bundesliga 2,1436.0867120994762,204,2006-05-14
Alanyaspor,Turkish Super Lig,1558.483509013367,358,2026-05-16
Tajikistan,International,1449.8234942758886,200,2026-06-05
Manisaspor,Turkish Super Lig,1463.6949695472188,200,2012-04-08
Louvieroise,Belgian Pro League,1434.4987881852542,168,2006-05-05
Gateshead,National League,1362.6025149826555,642,2026-04-25
Kallonis,Greek Super League,1446.1560281254954,98,2016-04-17
Logrones,Segunda Division,1407.1751825925062,286,2021-05-30
Aston Villa,Premier League,1986.1420885601865,1278,2026-05-24
Asteras Tripolis,Greek Super League,1554.444968559483,604,2026-05-21
Lille,Ligue 1,1840.65711566718,1191,2026-05-17
St. Albans,National League,1316.1798641326411,46,2007-04-28
Stoke,Championship,1567.5961719588418,1411,2026-05-02
Hoffenheim,Bundesliga,1781.5833610654622,646,2026-05-16
Huddersfield,League One,1551.2915097975701,1452,2026-05-02
Guinea,International,1526.508689093452,539,2026-06-04
Aldershot,National League,1290.2914704601,950,2026-04-25
Panthrakikos,Greek Super League,1459.1182861331745,188,2016-04-17
Larisa,Greek Super League,1486.6320563006136,440,2026-05-21
Erzurum,Turkish Super Lig,1513.4490958649708,34,1999-05-29
Alfreton Town,National League,1349.7658596939923,184,2015-04-25
Beveren,Belgian Pro League,1396.1662856411815,338,2007-05-19
Portsmouth,Championship,1651.3304669801737,1423,2026-05-02
Eibar,Segunda Division,1570.9349982141173,962,2026-05-31
Greece,International,1724.560353857063,633,2026-06-07
Bosnia and Herzegovina,International,1620.640088571727,283,2026-06-06
Bahamas,International,1121.9735009279534,67,2026-03-29
Braintree Town,National League,1248.6291808377284,414,2026-04-25
Peru,International,1705.1848054849152,714,2026-06-08
Trofense,Primeira Liga,1446.0532772209642,30,2009-05-23
Karagumruk,Turkish Super Lig,1525.7639876013407,186,2026-05-16
Modena,Serie B,1468.2959937931382,711,2026-05-08
CZ Jena,Bundesliga 2,1415.5948205381767,208,2008-05-18
Lokeren,Belgian Pro League,1416.9487803856691,704,2019-03-17
Sierra Leone,International,1462.052563991681,300,2026-06-06
Kayseri,Turkish Super Lig,1478.5691258432576,102,1998-05-10
Barbados,International,1212.1348331536267,302,2026-03-29
British Virgin Islands,International,1159.098532006952,123,2026-06-06
Iran,International,1811.323488094799,612,2026-06-04
Millwall,Championship,1774.4016701670753,1490,2026-05-02
Savoia,Serie B,1343.896724226294,38,2000-06-11
Mirandes,Segunda Division,1441.9206108121234,504,2026-05-31
Gillingham,League Two,1349.7959018344727,1483,2026-05-02
Quevilly Rouen,Ligue 2,1454.3705343146112,152,2024-05-17
Freiburg,Bundesliga,1752.7496648450297,1093,2026-05-16
Tamil Eelam,International,1547.0950177959478,28,2025-07-04
Andorra,International,1450.3495027097986,355,2026-06-07
Ulm,Bundesliga 2,1418.5610851178558,136,2025-05-18
Kerkyra,Greek Super League,1500.1990995691335,214,2018-05-05
Two Sicilies,International,1460.588678124343,6,2023-07-02
Dundee,Scottish Premiership,1743.3363712153584,1117,2026-05-17
Ajax,Eredivisie,1686.2340235911015,1078,2026-05-17
Volos NFC,Greek Super League,1494.70860990468,235,2026-05-17
Atalanta,Serie A,1810.335829046197,1176,2026-05-22
Rennes,Ligue 1,1795.129508048937,1138,2026-05-17
Charleville,Ligue 2,1497.9607176712361,42,1997-05-24
Alverca,Primeira Liga,1515.862423412243,202,2026-05-16
Raith Rvs,Scottish Championship,1586.170431051157,1111,2026-05-01
Ponferradina,Segunda Division,1465.1634841526711,420,2023-05-28
Ebbsfleet,National League,1210.7374037008105,451,2025-05-05
Espanol,La Liga,1644.0763047008031,1221,2026-05-23
Gaziantepspor,Turkish Super Lig,1444.9718397067024,758,2017-06-02
Dunkerque,Ligue 2,1446.050839611328,182,2026-05-09
Grenoble,Ligue 2,1470.2369087268612,601,2026-05-09
Napoli,Serie A,1881.4481560120337,1121,2026-05-24
Poli Ejido,Segunda Division,1436.3231962369082,240,2008-06-14
Cuba,International,1418.8871325516388,397,2026-03-29
Rimini,Serie B,1451.0084208249648,168,2009-05-30
Finland,International,1573.9536160361931,818,2026-06-05
Numancia,Segunda Division,1437.8257492908376,885,2020-07-20
RAAL La Louviere,Belgian Pro League,1486.7036736382856,35,2026-05-09
CA Bastia,Ligue 2,1353.9460719010938,38,2014-05-16
Egaleo,Greek Super League,1459.8744789893344,60,2007-05-13
Pau FC,Ligue 2,1443.4651123787312,220,2026-05-09
Maule Sur,International,1533.8251544759557,2,2022-06-19
Guadalajara,Segunda Division,1477.0743590019222,84,2013-06-08
Swindon,League Two,1439.2778392242053,1459,2026-05-02
Senegal,International,1832.4176996317397,637,2026-05-31
Indonesia,International,1471.723494866449,727,2026-06-05
St Etienne,Ligue 2,1560.1880562973945,1175,2026-05-09
Ionikos,Greek Super League,1515.8681350960612,330,2023-05-13
Guatemala,International,1578.2800674470534,554,2026-06-07
San Marino,International,1013.823653485073,224,2026-06-05
Charleroi,Belgian Pro League,1587.6836749760562,953,2026-05-23
Chaves,Primeira Liga,1446.5908438418285,204,2024-05-18
Western Australia,International,1453.961477770781,32,1980-11-25
Extremadura,Segunda Division,1400.364271322425,243,2002-05-25
Stenhousemuir,Scottish League One,1545.1687581686706,999,2026-05-02
Canary Islands,International,1513.2407274254379,4,2007-12-29
Seychelles,International,1104.4622150492305,176,2025-10-14
Ein Trier,Bundesliga 2,1464.7419380414142,48,2005-04-22
Varese,Serie B,1381.760639057722,210,2015-05-22
Carrarese,Serie B,1433.443899219245,76,2026-05-08
Siena,Serie B,1559.3652742572683,488,2014-05-30
Angers,Ligue 1,1630.467054129052,816,2026-05-17
Weymouth,National League,1215.323523878132,224,2022-05-15
Gimnastic,Segunda Division,1400.4610286170844,537,2019-06-09
Dresden,Bundesliga 2,1481.498565589679,438,2026-05-17
Ethnikos Asteras,Greek Super League,1513.5518845260428,68,2000-05-28
Turks and Caicos Islands,International,1208.815985633858,52,2025-08-16
Niort,Ligue 2,1338.0926690614417,768,2023-06-02
Northern Ireland,International,1617.4700115479761,707,2026-06-08
Serbia,International,1748.8620092401873,348,2026-06-04
Fermana,Serie B,1364.1125538486053,38,2000-06-11
Raith,Scottish Championship,1502.4750394659422,1,2004-11-23
Hong Kong,International,1357.969426777256,446,2026-06-05
Denizlispor,Turkish Super Lig,1416.377096786182,526,2021-05-15
Fuenlabrada,Segunda Division,1376.6855154389234,126,2022-05-27
Chad,International,1294.5164057648121,138,2025-11-17
French Guiana,International,1417.5137247278892,179,2024-11-19
Leiria,Primeira Liga,1395.680692545606,495,2012-05-12
Bari,Serie B,1432.9526928282835,980,2026-05-08
Farsley,National League,1313.408601676792,46,2008-04-26
RB Leipzig,Bundesliga,1836.2738601790495,408,2026-05-16
Levadiakos,Greek Super League,1323.0350849651982,34,1995-06-04
Afghanistan,International,1246.4058592848125,146,2026-06-07
South Ossetia,International,1480.3735196674377,17,2019-12-08
Kocaelispor,Turkish Super Lig,1499.4775176689768,356,2026-05-17
Man City,Premier League,2093.4872335457985,1286,2026-05-24
Ecija,Segunda Division,1393.429714730409,38,1997-06-15
Sheffield United,Championship,1662.247225087281,1454,2026-05-02
Est Amadora,Primeira Liga,1514.862379555894,391,2009-05-23
Kidderminster,National League,1335.1113299583365,741,2024-04-20
Recreativo,Segunda Division,1397.719173915777,667,2015-06-07
Hungary,International,1733.6230317647214,1005,2026-06-05
Triestina,Serie B,1399.358538871961,302,2011-05-29
Bhutan,International,989.7844338305625,110,2026-06-04
AEK,Greek Super League,1872.978642069081,808,2026-05-17
Estoril,Primeira Liga,1543.2477104034201,400,2026-05-16
Hyde United,National League,1161.3004781972277,92,2014-04-26
Alessandria,Serie B,1387.6861765485596,38,2022-05-06
Biafra,International,1514.1566086922928,3,2022-05-25
Greuther Furth,Bundesliga 2,1464.1337597183783,931,2026-05-17
Bury,League Two,1482.9144444371373,1148,2019-05-04
Ascoli,Serie B,1456.4574531383232,730,2024-05-10
Czech Republic,International,1756.054653212864,360,2026-06-04
Badajoz,Segunda Division,1408.2923180288374,264,2003-02-16
Ecuador,International,1899.0925496717098,591,2026-06-07
Antalyaspor,Turkish Super Lig,1508.9650037099416,864,2026-05-17
Åland Islands,International,1475.1356711098158,51,2023-07-13
Sweden,International,1733.8898385029356,1101,2026-06-04
Hartlepool,National League,1424.8831759761526,1466,2026-04-25
Philippines,International,1365.1553292605179,341,2026-06-03
Gueugnon,Ligue 2,1376.3505937775942,437,2008-05-16
Jordan,International,1677.6995657008474,485,2026-06-07
Nantes,Ligue 1,1587.889723564802,1168,2026-05-08
Lyon,Ligue 1,1804.741132889925,1173,2026-05-17
Zaragoza,Segunda Division,1375.1202468555439,1289,2026-05-31
North Macedonia,International,1601.258500067888,306,2026-06-01
RWD Molenbeek,Belgian Pro League,1422.380553388019,36,2024-05-11
Preußen Münster,Bundesliga 2,1412.7700613147554,68,2026-05-17
Celtic,Scottish Premiership,2044.1593002745362,1154,2026-05-16
Scotland,International,1737.8315117798331,851,2026-06-06
Mapuche,International,1495.6120277279445,2,2022-06-18
Waalwijk,Eredivisie,1440.0276640915904,778,2025-05-18
Mozambique,International,1489.9417685386236,374,2026-01-05
Lierse,Belgian Pro League,1435.961015017956,520,2015-03-15
Levadeiakos,Greek Super League,1649.1621596553648,468,2026-05-17
Cyprus,International,1412.5076033408473,426,2026-06-07
Australia,International,1789.3982278273008,581,2026-06-06
Dumbarton,Scottish League Two,1267.0483490986953,1038,2026-05-02
Stirling,Scottish League Two,1254.4996321647889,1023,2026-05-02
Brackley Town,National League,1285.304814781907,46,2026-04-25
Cartagena,Segunda Division,1319.2126899917814,336,2025-06-01
Elba Island,International,1508.272127797122,1,2022-07-16
Yeovil,National League,1304.5534228056508,981,2026-04-25
Eastbourne Borough,National League,1318.1307755374642,136,2011-04-30
Vizela,Primeira Liga,1453.522648508441,102,2024-05-18
Pescara,Serie B,1392.9908883375572,747,2026-05-08
Aberdeen,Scottish Premiership,1711.946381815375,1151,2026-05-17
Las Palmas,Segunda Division,1598.4756719974368,1095,2026-05-31
Ceuta,Segunda Division,1531.951047407109,42,2026-05-30
Bursaspor,Turkish Super Lig,1545.4501866777018,758,2019-05-26
Honduras,International,1625.1884870947374,620,2026-06-06
DR Congo,International,1693.380806721674,523,2026-06-03
Guiseley,National League,1268.5367629978252,138,2018-04-28
Western Sahara,International,1442.4399578895157,9,2013-06-28
Union Berlin,Bundesliga,1678.509383582034,629,2026-05-16
Lorca,Segunda Division,1354.2236371780555,126,2018-06-01
M'Gladbach,Bundesliga,1524.2557739472359,34,1994-05-07
Ethnikos Piraeus,Greek Super League,1284.7848600987527,68,1999-05-30
Guyana,International,1461.4197280098163,313,2026-03-30
Malaga B,Segunda Division,1369.6434301684767,100,2006-06-17
Burgos,Segunda Division,1593.3119752833456,248,2026-05-31
Menorca,International,1525.6905573659353,25,2023-07-13
Virtus Entella,Serie B,1406.5741530221464,282,2026-05-08
Central African Republic,International,1381.388974732564,137,2026-06-05
Almere City,Eredivisie,1429.2344193715323,68,2025-05-18
Portugal,International,1934.8702410260103,694,2026-06-06
Oostende,Belgian Pro League,1435.7957602474519,364,2023-04-23
Japan,International,1894.488449021883,790,2026-05-31
Villareal,La Liga,1457.0160856815992,38,1999-06-20
Arsenal,Premier League,2124.507421887801,1252,2026-05-24
Mallorca B,Segunda Division,1393.431924862939,42,1999-06-20
Argentina,International,2042.3689386140968,1068,2026-06-06
Moldova,International,1359.5386562107728,298,2026-06-05
Desp. Chaves,Primeira Liga,1498.4788150104678,136,1998-05-17
German DR,International,1706.374221709128,298,1990-09-12
Elgin,Scottish League Two,1289.04792175326,876,2026-05-02
Avellino,Serie B,1466.6022972495452,400,2026-05-08
Oman,International,1571.3745418821316,543,2026-06-05
Alaves,La Liga,1675.9973810836418,1000,2026-05-23
Varzim,Primeira Liga,1519.9088280001356,80,2003-06-01
Casa Pia,Primeira Liga,1493.8431330336582,136,2026-05-16
Cercle Brugge,Belgian Pro League,1537.9461744327243,705,2026-05-09
Barrow,League Two,1273.3350887176807,725,2026-05-02
Le Mans,Ligue 2,1572.0691092741115,676,2026-05-09
Laos,International,1066.9288535715482,224,2025-11-19
Coventry,Championship,1812.1368694044354,1435,2026-05-02
Albion Rvs,Scottish League Two,1231.0495815441793,874,2023-05-06
AFC Wimbledon,League One,1438.1755609809707,769,2026-05-02
Bodrumspor,Turkish Super Lig,1526.119577375517,36,2025-06-01
Croatia,International,1880.866773914735,396,2026-06-07
Zanzibar,International,1525.3400568348866,209,2025-01-13
Liechtenstein,International,1114.9672127379615,259,2026-06-07
Kabylia,International,1481.4741334660014,6,2018-06-09
Montenegro,International,1542.8805112937653,170,2026-06-05
France,International,1989.8726656417305,935,2026-06-08
Réunion,International,1552.2564214239246,124,2023-09-02
Valencia,La Liga,1732.573597642033,1250,2026-05-23
Eupen,Belgian Pro League,1390.4775547104232,287,2024-05-11
Singapore,International,1338.8083739414162,696,2026-06-05
Sark,International,1446.1657134880095,4,2003-07-03
Venezia,Serie B,1675.1752496940526,573,2026-05-08
Hercules,Segunda Division,1415.6802166212626,498,2014-06-07
Lucchese,Serie B,1387.6788702000756,76,1999-06-13
Rizespor,Turkish Super Lig,1588.0557081289862,626,2026-05-15
Alicante,Segunda Division,1377.5999773463968,42,2009-06-20
Ivory Coast,International,1759.3030648235128,636,2026-06-04
Sp Lisbon,Primeira Liga,1901.5358736710918,1028,2026-05-16
Eyupspor,Turkish Super Lig,1543.1930209146553,70,2026-05-17
Vietnam Republic,International,1435.267201537281,195,1975-03-23
Sint Maarten,International,1357.499275060081,60,2026-03-30
Wimbledon,Championship,1385.1074411256798,456,2004-05-09
Dundee United,Scottish Premiership,1761.8951903575899,1140,2026-05-17
Brazil,International,1947.032466031184,1059,2026-06-06
Munich 1860,Bundesliga 2,1425.4603181574207,803,2017-05-21
FC Emmen,Eredivisie,1448.677196105064,128,2023-05-28
Maldives,International,1117.1302009031394,233,2026-06-01
Ajaccio,Ligue 2,1467.19528859228,972,2025-05-10
Heusden Zolder,Belgian Pro League,1438.1246372292076,34,2004-05-15
Mersin Idman Yurdu,Turkish Super Lig,1422.1789433168626,136,2016-05-18
Eswatini,International,1338.1862688155227,274,2025-10-13
Reims,Ligue 2,1583.660851194251,790,2026-05-09
Proodeytiki,Greek Super League,1449.5452405727524,102,2000-05-28
Walsall,League Two,1385.1545827338393,1484,2026-05-02
Tamworth,National League,1402.5112330311288,408,2026-04-25
Levante,La Liga,1681.2025854381166,1091,2026-05-23
Latina,Serie B,1401.0500070789842,168,2017-05-18
Guernsey,International,1681.825613597303,240,2023-07-13
Vatican City,International,1473.0220329463007,7,2019-03-23
Pendikspor,Turkish Super Lig,1497.4677913659834,38,2024-05-26
Caen,Ligue 2,1352.8048949817965,1107,2025-05-10
Boston Utd,National League,1419.4096002269212,92,2026-04-25
Liverpool,Premier League,1978.7366974245913,1253,2026-05-24
Arameans Suryoye,International,1543.0996564285135,10,2014-06-08
FC Brussels,Belgian Pro League,1382.764227628157,119,2008-05-09
Ternana,Serie B,1461.2285865363772,609,2024-05-10
Jaen,Segunda Division,1418.0062724602294,163,2014-06-07
Ein Frankfurt,Bundesliga,1729.8230398569954,1089,2026-05-16
Albacete,Segunda Division,1535.2625655782078,1120,2026-05-30
Maritimo,Primeira Liga,1453.5234988174377,924,2023-05-27
King’s Lynn,National League,1280.1720664257762,87,2022-05-07
Blackburn,Championship,1628.9425887933628,1379,2026-05-02
Cayman Islands,International,1177.9290465400297,119,2026-06-06
Veroia,Greek Super League,1403.2544046477171,102,1999-05-30
Laval,Ligue 2,1440.7950887259858,774,2026-05-09
Cowdenbeath,Scottish League Two,1170.459957539935,840,2022-04-30
Ingolstadt,Bundesliga 2,1366.152910855885,374,2022-05-15
Orleans,Ligue 2,1353.8725218871962,180,2020-03-09
Matabeleland,International,1508.7995382945728,8,2022-05-25
Zimbabwe,International,1471.7795548652177,496,2026-05-30
Morton,Scottish Championship,1533.9635221870576,1079,2026-05-01
Sekerspor,Turkish Super Lig,1500.8097807507086,34,1998-05-10
Perpignan,Ligue 2,1460.511411765523,42,1997-05-24
F Koln,Bundesliga 2,1428.2651757160825,242,2000-05-25
Anguilla,International,1082.4101294151014,91,2026-03-29
Spezia,Serie B,1417.787527836142,638,2026-05-08
Mauritius,International,1260.8207859350869,325,2025-10-13
Cove Rangers,Scottish League One,1427.9072457770242,230,2026-05-02
Reus Deportiu,Segunda Division,1238.8123139423465,126,2019-06-08
Curaçao,International,1520.0710711336965,385,2026-06-06
Lebanon,International,1444.5361025133936,333,2025-11-26
York,National League,1648.2807742455077,1210,2026-04-25
Guingamp,Ligue 2,1422.5459696274986,1071,2026-05-09
Angola,International,1550.163852032786,414,2026-06-05
Merida,Segunda Division,1537.8757919478003,202,2000-06-04
Trabzonspor,Turkish Super Lig,1732.3187791063351,1085,2026-05-17
Bermuda,International,1377.3821752684248,198,2026-06-06
Fiorentina,Serie A,1751.0596910300262,1129,2026-05-22
Villarreal B,Segunda Division,1433.3497106002692,210,2024-06-02
Shetland,International,1492.6249978046462,58,2025-07-17
Mechelen,Belgian Pro League,1576.314401741968,736,2026-05-24
Pontevedra,Segunda Division,1469.662497302255,42,2005-06-18
Leganes,Segunda Division,1449.441918333381,764,2026-05-31
Republic of Ireland,International,1698.5298748730563,633,2026-06-05
Boavista,Primeira Liga,1422.477514118346,811,2025-05-17
Ukraine,International,1774.2460786328659,338,2026-06-07
Kasimpasa,Turkish Super Lig,1562.9084346946142,594,2026-05-17
South Yemen,International,1479.8839612857491,3,1982-11-25
Panathinaikos,Greek Super League,1770.0268484186965,875,2026-05-17
Dorking,National League,1292.7221492093556,92,2024-04-20
Darfur,International,1404.5833414257718,7,2014-06-07
Gubbio,Serie B,1346.7206047811574,42,2012-05-26
Mansfield,League One,1582.8832488342841,1466,2026-05-02
Cambuur,Eredivisie,1349.1596443071535,272,2023-05-28
Ethnikos,Greek Super League,1336.8249578300283,68,1996-05-29
Airdrie,Scottish Championship,1506.318791398049,288,2002-04-27
St Johnstone,Scottish Championship,1758.5698921026049,1155,2026-05-01
Akratitos,Greek Super League,1405.0069310982412,30,2006-05-14
Oud-Heverlee Leuven,Belgian Pro League,1504.6528096893692,342,2026-05-23
Hmong,International,1482.720861038149,3,2023-08-08
Lleida,Segunda Division,1403.0273838431735,290,2006-06-17
Bonaire,International,1254.6227613642695,44,2026-06-06
Ayr,Scottish Championship,1531.4957006170368,1041,2026-05-01
Grimsby,League Two,1512.1993813820527,1469,2026-05-02
Southend,National League,1494.7259484055419,1462,2026-04-25
Compostela,Segunda Division,1432.5960284975026,308,2003-02-15
Kayserispor,Turkish Super Lig,1524.0016791866906,728,2026-05-17
Spal,Serie B,1427.6624013411645,270,2023-05-19
Panetolikos,Greek Super League,1509.954100892793,454,2026-05-21
Leyton Orient,League One,1485.6860402985074,1476,2026-05-02
Pakistan,International,1154.6796300336023,250,2026-06-07
Libya,International,1537.354238577409,384,2026-03-31
Qatar,International,1551.6350655767933,635,2026-06-06
Wrexham,Championship,1715.401198184059,1461,2026-05-02
Oldham,League Two,1444.4967692338228,1460,2026-05-02
Macclesfield,League Two,1342.2238854481525,1015,2020-03-07
Harrogate,League Two,1322.8104858329625,359,2026-05-02
Azerbaijan,International,1407.349262300095,309,2026-06-05
Lamia,Greek Super League,1416.8571968061644,263,2025-05-18
Algeciras,Segunda Division,1415.7280306740188,15,2004-06-19
Kifisia,Greek Super League,1539.145561710054,69,2026-05-21
Sápmi,International,1453.0819033701857,29,2023-07-16
Karlsruhe,Bundesliga 2,1500.409729418428,931,2026-05-17
Karsiyaka,Turkish Super Lig,1379.19125810202,34,1996-05-19
Cascadia,International,1535.406824074736,7,2019-05-25
Alderney,International,1155.2068666199775,135,2022-04-23
Mouscron,Belgian Pro League,1479.2432595035677,560,2021-04-18
Milton Keynes Dons,League Two,1540.4307886879035,989,2026-05-02
Valenciennes,Ligue 2,1390.4288018695368,712,2024-05-17
Kuwait,International,1482.065167109593,684,2026-06-05
Sudan,International,1460.9414448313082,469,2026-01-03
Bulgaria,International,1527.24896433945,736,2026-06-05
Ellan Vannin,International,1556.492940128866,22,2018-06-03
Salgueiros,Primeira Liga,1423.7576219025766,272,2002-05-05
Mayotte,International,1454.1813583032972,38,2023-08-26
Umraniyespor,Turkish Super Lig,1478.3834177639562,36,2023-06-07
Northampton,League One,1334.2078468612945,1465,2026-05-02
Frankfurt FSV,Bundesliga 2,1389.9220732728056,272,2016-05-15
Celta,La Liga,1732.8657088699074,1283,2026-05-23
Sparta Rotterdam,Eredivisie,1525.7948583219904,298,2026-05-17
Extremadura UD,Segunda Division,1443.8300823934505,84,2020-07-20
Cultural Leonesa,Segunda Division,1382.0461821527977,42,2026-05-30
Toulouse,Ligue 1,1728.110031335641,1070,2026-05-10
Wuppertaler,Bundesliga 2,1436.1102056201785,38,1994-06-11
Dover Athletic,National League,1135.9401793189163,327,2022-05-15
Barcelona,La Liga,1979.8880458919896,1251,2026-05-23
Porto,Primeira Liga,1875.7120517163528,1028,2026-05-16
Reggina,Serie B,1469.2588828168473,740,2023-05-19
Troyes,Ligue 2,1584.8911676771907,1020,2026-05-09
Messina,Serie B,1406.9611273290125,222,2008-06-01
Kenya,International,1484.563349657891,706,2026-06-04
Roda,Eredivisie,1463.1241098928397,238,2018-05-06
Granada,Segunda Division,1448.1187714884459,632,2026-05-30
Nimes,Ligue 2,1392.4604413129566,713,2023-06-02
Dag and Red,National League,1355.9588639918443,902,2025-05-05
Turkmenistan,International,1403.3096920451349,175,2025-11-18
Sampdoria,Serie B,1457.71182104671,1183,2026-05-08
Reggiana,Serie B,1393.7351625986353,330,2026-05-08
Plymouth,League One,1631.4453523980978,1477,2026-05-02
Creteil,Ligue 2,1375.3342024002422,356,2016-05-13
Leeds,Premier League,1920.7287516338454,1388,2026-05-24
Molenbeek,Belgian Pro League,1526.652484686868,136,2002-05-05
Augsburg,Bundesliga,1726.14412080377,680,2026-05-16
Espinho,Primeira Liga,1392.0469153293607,34,1997-06-15
Yemen DPR,International,1427.5077932605377,25,1989-11-05
Tenerife,Segunda Division,1419.493726870462,1184,2025-06-01
Inter,Serie A,1976.2346549526774,1191,2026-05-23
Lincoln,League One,1762.4516117899577,1464,2026-05-02
Mantova,Serie B,1473.0752417982244,286,2026-05-08
New Zealand,International,1628.9528208607244,416,2026-06-06
Hearts,Scottish Premiership,1953.315491574907,1141,2026-05-16
Nicaragua,International,1470.1330249676607,222,2026-06-05
Brighton,Premier League,1931.3564859433513,1425,2026-05-24
Surrey,International,1515.7769508475,1,2018-05-06
Leonesa,Segunda Division,1452.3479622634377,42,2018-06-02
Genoa,Serie A,1683.4095287298578,1072,2026-05-24
Malatyaspor,Turkish Super Lig,1539.1233358339794,152,2006-05-14
VVV Venlo,Eredivisie,1381.2399966001474,329,2021-05-16
Felgueiras,Primeira Liga,1422.9143905796077,34,1996-05-12
Burnley,Premier League,1750.6371835492703,1414,2026-05-24
Heracles,Eredivisie,1372.1964161618869,736,2026-05-17
Auxerre,Ligue 1,1694.273573153766,1181,2026-05-17
Braunschweig,Bundesliga 2,1462.0566451740738,492,2026-05-17
Namibia,International,1423.5916428767227,279,2026-03-28
Wurzburger Kickers,Bundesliga 2,1373.917503334179,68,2021-05-23
Doncaster,League One,1543.4881473325597,1248,2026-05-02
Lazio,Serie A,1779.7502878772543,1191,2026-05-23
Sp Gijon,Segunda Division,1506.821431651653,1299,2026-05-30
Crewe,League Two,1422.5109650528811,1467,2026-05-02
Charlton,Championship,1603.355846503318,1432,2026-05-02
Vallecano,La Liga,1739.4283626455135,1087,2026-05-23
Cilento,International,1488.5328774619893,1,2011-12-29
Bath City,National League,1297.7694942241585,92,2012-04-28
Equatorial Guinea,International,1460.9336937950195,178,2026-03-31
Sandhausen,Bundesliga 2,1386.3559897041707,374,2023-05-28
Olympiakos Volou,Greek Super League,1642.8083342381199,30,2011-04-17
Berwick,Scottish League Two,1053.2749198219024,772,2019-05-04
Chelsea,Premier League,1910.6828128315683,1252,2026-05-24
Burghausen,Bundesliga 2,1423.8267182767117,116,2007-05-20
Papua New Guinea,International,1468.325947713563,155,2025-11-23
Togo,International,1484.835363840127,446,2026-06-05
Tottenham,Premier League,1830.9457073540161,1253,2026-05-24
Wealdstone,National League,1343.609410995989,270,2026-04-25
Southport,National League,1309.8220875912953,410,2017-04-29
Waasland-Beveren,Belgian Pro League,1437.9302108536465,273,2021-04-18
Benevento,Serie B,1416.057497378727,268,2023-05-19
Lens,Ligue 1,1845.30084851246,1178,2026-05-17
Harelbeke,Belgian Pro League,1420.3162897439538,204,2001-05-20
China,International,1534.4060253253285,701,2026-06-05
Yemen,International,1316.7314167397144,266,2025-11-26
Queen of Sth,Scottish League One,1482.920988646114,1005,2026-05-02
Wolfsburg,Bundesliga,1630.7476536402664,1110,2026-05-16
Liberia,International,1386.317822064307,301,2026-06-06
NAC Breda,Eredivisie,1456.4784289446336,817,2026-05-17
Real Madrid B,Segunda Division,1480.3608461389215,206,2014-06-07
Solihull,National League,1364.8521146268295,447,2026-04-25
Atromitos,Greek Super League,1589.146978335213,631,2026-05-21
U.Las Palmas,Segunda Division,1425.6433686399844,42,2001-06-17
Eleysina,Greek Super League,1455.8645554772215,34,1999-05-30
Lecce,Serie A,1656.4483544685309,856,2026-05-24
South Sudan,International,1305.2045141254157,78,2025-11-25
Oxford,Championship,1600.0768056447116,1457,2026-05-02
Micronesia,International,1424.4333434135253,7,2003-07-07
Graafschap,Eredivisie,1421.6866863222413,480,2019-05-15
Terrassa,Segunda Division,1395.8461471343026,77,2005-06-18
Cadiz,Segunda Division,1385.3526736972326,624,2026-05-31
Western Armenia,International,1493.3858592267698,16,2019-06-09
Israel,International,1642.5524895915728,498,2026-06-03
Como,Serie A,1848.3856583427491,327,2026-05-24
Altrincham,National League,1384.1893899139836,633,2026-04-25
Pro Vercelli,Serie B,1412.3371867317724,210,2018-05-18
Macau,International,994.7919964811416,148,2026-03-29
Schalke 04,Bundesliga 2,1630.2262694082258,1111,2026-05-17
Burundi,International,1406.3199036262538,218,2026-05-26
Middlesbrough,Championship,1716.7610464784827,1391,2026-05-02
Aalst,Belgian Pro League,1356.6448738480021,238,2002-05-05
Ferrol,Segunda Division,1350.8236122885342,309,2025-05-31
Dominica,International,1235.6937797448822,215,2026-03-30
Panama,International,1732.6802710823551,539,2026-06-06
Haiti,International,1597.992433751437,510,2026-06-05
Accrington,League Two,1339.8535170898474,951,2026-05-02
Gretna,Scottish Premiership,1548.4560564829055,180,2008-05-13
Paderborn,Bundesliga 2,1603.7284060726356,612,2026-05-17
Silesia,International,1498.3124989027274,8,2006-12-09
Samsunspor,Turkish Super Lig,1662.3227772057828,532,2026-05-16
Cordoba,Segunda Division,1506.8683857708681,779,2026-05-31
Den Haag,Eredivisie,1410.4946726867086,562,2021-05-16
